Fitter report for ip_ttl
Sat Jan 31 22:06:50 2026
Quartus Prime Version 19.1.0 Build 670 09/22/2019 SJ Lite Edition


---------------------
; Table of Contents ;
---------------------
  1. Legal Notice
  2. Fitter Summary
  3. Fitter Settings
  4. Parallel Compilation
  5. Incremental Compilation Preservation Summary
  6. Incremental Compilation Partition Settings
  7. Incremental Compilation Placement Preservation
  8. Pin-Out File
  9. Fitter Resource Usage Summary
 10. Fitter Partition Statistics
 11. Input Pins
 12. Output Pins
 13. Dual Purpose and Dedicated Pins
 14. I/O Bank Usage
 15. All Package Pins
 16. I/O Assignment Warnings
 17. Fitter Resource Utilization by Entity
 18. Delay Chain Summary
 19. Pad To Core Delay Chain Fanout
 20. Control Signals
 21. Global & Other Fast Signals
 22. Routing Usage Summary
 23. LAB Logic Elements
 24. LAB-wide Signals
 25. LAB Signals Sourced
 26. LAB Signals Sourced Out
 27. LAB Distinct Inputs
 28. I/O Rules Summary
 29. I/O Rules Details
 30. I/O Rules Matrix
 31. Fitter Device Options
 32. Operating Settings and Conditions
 33. Fitter Messages
 34. Fitter Suppressed Messages



----------------
; Legal Notice ;
----------------
Copyright (C) 2019  Intel Corporation. All rights reserved.
Your use of Intel Corporation's design tools, logic functions 
and other software and tools, and any partner logic 
functions, and any output files from any of the foregoing 
(including device programming or simulation files), and any 
associated documentation or information are expressly subject 
to the terms and conditions of the Intel Program License 
Subscription Agreement, the Intel Quartus Prime License Agreement,
the Intel FPGA IP License Agreement, or other applicable license
agreement, including, without limitation, that your use is for
the sole purpose of programming logic devices manufactured by
Intel and sold by Intel or its authorized distributors.  Please
refer to the applicable agreement for further details, at
https://fpgasoftware.intel.com/eula.



+----------------------------------------------------------------------------------+
; Fitter Summary                                                                   ;
+------------------------------------+---------------------------------------------+
; Fitter Status                      ; Successful - Sat Jan 31 22:06:50 2026       ;
; Quartus Prime Version              ; 19.1.0 Build 670 09/22/2019 SJ Lite Edition ;
; Revision Name                      ; ip_ttl                                      ;
; Top-level Entity Name              ; ip_ttl                                      ;
; Family                             ; Cyclone IV E                                ;
; Device                             ; EP4CE6E22C6                                 ;
; Timing Models                      ; Final                                       ;
; Total logic elements               ; 978 / 6,272 ( 16 % )                        ;
;     Total combinational functions  ; 678 / 6,272 ( 11 % )                        ;
;     Dedicated logic registers      ; 676 / 6,272 ( 11 % )                        ;
; Total registers                    ; 676                                         ;
; Total pins                         ; 27 / 92 ( 29 % )                            ;
; Total virtual pins                 ; 0                                           ;
; Total memory bits                  ; 0 / 276,480 ( 0 % )                         ;
; Embedded Multiplier 9-bit elements ; 0 / 30 ( 0 % )                              ;
; Total PLLs                         ; 0 / 2 ( 0 % )                               ;
+------------------------------------+---------------------------------------------+


+----------------------------------------------------------------------------------------------------------------------------------------------------+
; Fitter Settings                                                                                                                                    ;
+--------------------------------------------------------------------+---------------------------------------+---------------------------------------+
; Option                                                             ; Setting                               ; Default Value                         ;
+--------------------------------------------------------------------+---------------------------------------+---------------------------------------+
; Device                                                             ; auto                                  ;                                       ;
; Fit Attempts to Skip                                               ; 0                                     ; 0.0                                   ;
; Use smart compilation                                              ; Off                                   ; Off                                   ;
; Enable parallel Assembler and Timing Analyzer during compilation   ; On                                    ; On                                    ;
; Enable compact report table                                        ; Off                                   ; Off                                   ;
; Auto Merge PLLs                                                    ; On                                    ; On                                    ;
; Router Timing Optimization Level                                   ; Normal                                ; Normal                                ;
; Perform Clocking Topology Analysis During Routing                  ; Off                                   ; Off                                   ;
; Placement Effort Multiplier                                        ; 1.0                                   ; 1.0                                   ;
; Router Effort Multiplier                                           ; 1.0                                   ; 1.0                                   ;
; Optimize Hold Timing                                               ; All Paths                             ; All Paths                             ;
; Optimize Multi-Corner Timing                                       ; On                                    ; On                                    ;
; Power Optimization During Fitting                                  ; Normal compilation                    ; Normal compilation                    ;
; SSN Optimization                                                   ; Off                                   ; Off                                   ;
; Optimize Timing                                                    ; Normal compilation                    ; Normal compilation                    ;
; Optimize Timing for ECOs                                           ; Off                                   ; Off                                   ;
; Regenerate Full Fit Report During ECO Compiles                     ; Off                                   ; Off                                   ;
; Optimize IOC Register Placement for Timing                         ; Normal                                ; Normal                                ;
; Limit to One Fitting Attempt                                       ; Off                                   ; Off                                   ;
; Final Placement Optimizations                                      ; Automatically                         ; Automatically                         ;
; Fitter Aggressive Routability Optimizations                        ; Automatically                         ; Automatically                         ;
; Fitter Initial Placement Seed                                      ; 1                                     ; 1                                     ;
; Periphery to Core Placement and Routing Optimization               ; Off                                   ; Off                                   ;
; PCI I/O                                                            ; Off                                   ; Off                                   ;
; Weak Pull-Up Resistor                                              ; Off                                   ; Off                                   ;
; Enable Bus-Hold Circuitry                                          ; Off                                   ; Off                                   ;
; Auto Packed Registers                                              ; Auto                                  ; Auto                                  ;
; Auto Delay Chains                                                  ; On                                    ; On                                    ;
; Auto Delay Chains for High Fanout Input Pins                       ; Off                                   ; Off                                   ;
; Allow Single-ended Buffer for Differential-XSTL Input              ; Off                                   ; Off                                   ;
; Treat Bidirectional Pin as Output Pin                              ; Off                                   ; Off                                   ;
; Perform Physical Synthesis for Combinational Logic for Fitting     ; Off                                   ; Off                                   ;
; Perform Physical Synthesis for Combinational Logic for Performance ; Off                                   ; Off                                   ;
; Perform Register Duplication for Performance                       ; Off                                   ; Off                                   ;
; Perform Logic to Memory Mapping for Fitting                        ; Off                                   ; Off                                   ;
; Perform Register Retiming for Performance                          ; Off                                   ; Off                                   ;
; Perform Asynchronous Signal Pipelining                             ; Off                                   ; Off                                   ;
; Fitter Effort                                                      ; Auto Fit                              ; Auto Fit                              ;
; Physical Synthesis Effort Level                                    ; Normal                                ; Normal                                ;
; Logic Cell Insertion - Logic Duplication                           ; Auto                                  ; Auto                                  ;
; Auto Register Duplication                                          ; Auto                                  ; Auto                                  ;
; Auto Global Clock                                                  ; On                                    ; On                                    ;
; Auto Global Register Control Signals                               ; On                                    ; On                                    ;
; Reserve all unused pins                                            ; As input tri-stated with weak pull-up ; As input tri-stated with weak pull-up ;
; Synchronizer Identification                                        ; Auto                                  ; Auto                                  ;
; Enable Beneficial Skew Optimization                                ; On                                    ; On                                    ;
; Optimize Design for Metastability                                  ; On                                    ; On                                    ;
; Force Fitter to Avoid Periphery Placement Warnings                 ; Off                                   ; Off                                   ;
; Enable input tri-state on active configuration pins in user mode   ; Off                                   ; Off                                   ;
+--------------------------------------------------------------------+---------------------------------------+---------------------------------------+


+------------------------------------------+
; Parallel Compilation                     ;
+----------------------------+-------------+
; Processors                 ; Number      ;
+----------------------------+-------------+
; Number detected on machine ; 4           ;
; Maximum allowed            ; 2           ;
;                            ;             ;
; Average used               ; 1.03        ;
; Maximum used               ; 2           ;
;                            ;             ;
; Usage by Processor         ; % Time Used ;
;     Processor 1            ; 100.0%      ;
;     Processor 2            ;   2.7%      ;
+----------------------------+-------------+


+---------------------------------------------------------------------------------------------------+
; Incremental Compilation Preservation Summary                                                      ;
+---------------------+---------------------+----------------------------+--------------------------+
; Type                ; Total [A + B]       ; From Design Partitions [A] ; From Rapid Recompile [B] ;
+---------------------+---------------------+----------------------------+--------------------------+
; Placement (by node) ;                     ;                            ;                          ;
;     -- Requested    ; 0.00 % ( 0 / 1421 ) ; 0.00 % ( 0 / 1421 )        ; 0.00 % ( 0 / 1421 )      ;
;     -- Achieved     ; 0.00 % ( 0 / 1421 ) ; 0.00 % ( 0 / 1421 )        ; 0.00 % ( 0 / 1421 )      ;
;                     ;                     ;                            ;                          ;
; Routing (by net)    ;                     ;                            ;                          ;
;     -- Requested    ; 0.00 % ( 0 / 0 )    ; 0.00 % ( 0 / 0 )           ; 0.00 % ( 0 / 0 )         ;
;     -- Achieved     ; 0.00 % ( 0 / 0 )    ; 0.00 % ( 0 / 0 )           ; 0.00 % ( 0 / 0 )         ;
+---------------------+---------------------+----------------------------+--------------------------+


+----------------------------------------------------------------------------------------------------------------------------------------------------------------------------------------+
; Incremental Compilation Partition Settings                                                                                                                                             ;
+--------------------------------+----------------+-------------------+-------------------------+------------------------+------------------------------+--------------------------------+
; Partition Name                 ; Partition Type ; Netlist Type Used ; Preservation Level Used ; Netlist Type Requested ; Preservation Level Requested ; Contents                       ;
+--------------------------------+----------------+-------------------+-------------------------+------------------------+------------------------------+--------------------------------+
; Top                            ; User-created   ; Source File       ; N/A                     ; Source File            ; N/A                          ;                                ;
; hard_block:auto_generated_inst ; Auto-generated ; Source File       ; N/A                     ; Source File            ; N/A                          ; hard_block:auto_generated_inst ;
+--------------------------------+----------------+-------------------+-------------------------+------------------------+------------------------------+--------------------------------+


+------------------------------------------------------------------------------------------------------------------------------------+
; Incremental Compilation Placement Preservation                                                                                     ;
+--------------------------------+-----------------------+-------------------------+-------------------+---------------------+-------+
; Partition Name                 ; Preservation Achieved ; Preservation Level Used ; Netlist Type Used ; Preservation Method ; Notes ;
+--------------------------------+-----------------------+-------------------------+-------------------+---------------------+-------+
; Top                            ; 0.00 % ( 0 / 1411 )   ; N/A                     ; Source File       ; N/A                 ;       ;
; hard_block:auto_generated_inst ; 0.00 % ( 0 / 10 )     ; N/A                     ; Source File       ; N/A                 ;       ;
+--------------------------------+-----------------------+-------------------------+-------------------+---------------------+-------+


+--------------+
; Pin-Out File ;
+--------------+
The pin-out file can be found in C:/Users/Ilma/Desktop/APC projekti/ip_modul/output_files/ip_ttl.pin.


+---------------------------------------------------------------------+
; Fitter Resource Usage Summary                                       ;
+---------------------------------------------+-----------------------+
; Resource                                    ; Usage                 ;
+---------------------------------------------+-----------------------+
; Total logic elements                        ; 978 / 6,272 ( 16 % )  ;
;     -- Combinational with no register       ; 302                   ;
;     -- Register only                        ; 300                   ;
;     -- Combinational with a register        ; 376                   ;
;                                             ;                       ;
; Logic element usage by number of LUT inputs ;                       ;
;     -- 4 input functions                    ; 532                   ;
;     -- 3 input functions                    ; 33                    ;
;     -- <=2 input functions                  ; 113                   ;
;     -- Register only                        ; 300                   ;
;                                             ;                       ;
; Logic elements by mode                      ;                       ;
;     -- normal mode                          ; 659                   ;
;     -- arithmetic mode                      ; 19                    ;
;                                             ;                       ;
; Total registers*                            ; 676 / 6,684 ( 10 % )  ;
;     -- Dedicated logic registers            ; 676 / 6,272 ( 11 % )  ;
;     -- I/O registers                        ; 0 / 412 ( 0 % )       ;
;                                             ;                       ;
; Total LABs:  partially or completely used   ; 75 / 392 ( 19 % )     ;
; Virtual pins                                ; 0                     ;
; I/O pins                                    ; 27 / 92 ( 29 % )      ;
;     -- Clock pins                           ; 3 / 3 ( 100 % )       ;
;     -- Dedicated input pins                 ; 0 / 9 ( 0 % )         ;
;                                             ;                       ;
; M9Ks                                        ; 0 / 30 ( 0 % )        ;
; Total block memory bits                     ; 0 / 276,480 ( 0 % )   ;
; Total block memory implementation bits      ; 0 / 276,480 ( 0 % )   ;
; Embedded Multiplier 9-bit elements          ; 0 / 30 ( 0 % )        ;
; PLLs                                        ; 0 / 2 ( 0 % )         ;
; Global signals                              ; 2                     ;
;     -- Global clocks                        ; 2 / 10 ( 20 % )       ;
; JTAGs                                       ; 0 / 1 ( 0 % )         ;
; CRC blocks                                  ; 0 / 1 ( 0 % )         ;
; ASMI blocks                                 ; 0 / 1 ( 0 % )         ;
; Oscillator blocks                           ; 0 / 1 ( 0 % )         ;
; Impedance control blocks                    ; 0 / 4 ( 0 % )         ;
; Average interconnect usage (total/H/V)      ; 3.3% / 3.2% / 3.5%    ;
; Peak interconnect usage (total/H/V)         ; 12.2% / 12.1% / 12.4% ;
; Maximum fan-out                             ; 676                   ;
; Highest non-global fan-out                  ; 91                    ;
; Total fan-out                               ; 4700                  ;
; Average fan-out                             ; 3.00                  ;
+---------------------------------------------+-----------------------+
*  Register count does not include registers inside RAM blocks or DSP blocks.



+----------------------------------------------------------------------------------------------------+
; Fitter Partition Statistics                                                                        ;
+---------------------------------------------+---------------------+--------------------------------+
; Statistic                                   ; Top                 ; hard_block:auto_generated_inst ;
+---------------------------------------------+---------------------+--------------------------------+
; Difficulty Clustering Region                ; Low                 ; Low                            ;
;                                             ;                     ;                                ;
; Total logic elements                        ; 978 / 6272 ( 16 % ) ; 0 / 6272 ( 0 % )               ;
;     -- Combinational with no register       ; 302                 ; 0                              ;
;     -- Register only                        ; 300                 ; 0                              ;
;     -- Combinational with a register        ; 376                 ; 0                              ;
;                                             ;                     ;                                ;
; Logic element usage by number of LUT inputs ;                     ;                                ;
;     -- 4 input functions                    ; 532                 ; 0                              ;
;     -- 3 input functions                    ; 33                  ; 0                              ;
;     -- <=2 input functions                  ; 113                 ; 0                              ;
;     -- Register only                        ; 300                 ; 0                              ;
;                                             ;                     ;                                ;
; Logic elements by mode                      ;                     ;                                ;
;     -- normal mode                          ; 659                 ; 0                              ;
;     -- arithmetic mode                      ; 19                  ; 0                              ;
;                                             ;                     ;                                ;
; Total registers                             ; 676                 ; 0                              ;
;     -- Dedicated logic registers            ; 676 / 6272 ( 11 % ) ; 0 / 6272 ( 0 % )               ;
;     -- I/O registers                        ; 0                   ; 0                              ;
;                                             ;                     ;                                ;
; Total LABs:  partially or completely used   ; 75 / 392 ( 19 % )   ; 0 / 392 ( 0 % )                ;
;                                             ;                     ;                                ;
; Virtual pins                                ; 0                   ; 0                              ;
; I/O pins                                    ; 27                  ; 0                              ;
; Embedded Multiplier 9-bit elements          ; 0 / 30 ( 0 % )      ; 0 / 30 ( 0 % )                 ;
; Total memory bits                           ; 0                   ; 0                              ;
; Total RAM block bits                        ; 0                   ; 0                              ;
; Clock control block                         ; 2 / 12 ( 16 % )     ; 0 / 12 ( 0 % )                 ;
;                                             ;                     ;                                ;
; Connections                                 ;                     ;                                ;
;     -- Input Connections                    ; 0                   ; 0                              ;
;     -- Registered Input Connections         ; 0                   ; 0                              ;
;     -- Output Connections                   ; 0                   ; 0                              ;
;     -- Registered Output Connections        ; 0                   ; 0                              ;
;                                             ;                     ;                                ;
; Internal Connections                        ;                     ;                                ;
;     -- Total Connections                    ; 4695                ; 5                              ;
;     -- Registered Connections               ; 1104                ; 0                              ;
;                                             ;                     ;                                ;
; External Connections                        ;                     ;                                ;
;     -- Top                                  ; 0                   ; 0                              ;
;     -- hard_block:auto_generated_inst       ; 0                   ; 0                              ;
;                                             ;                     ;                                ;
; Partition Interface                         ;                     ;                                ;
;     -- Input Ports                          ; 14                  ; 0                              ;
;     -- Output Ports                         ; 13                  ; 0                              ;
;     -- Bidir Ports                          ; 0                   ; 0                              ;
;                                             ;                     ;                                ;
; Registered Ports                            ;                     ;                                ;
;     -- Registered Input Ports               ; 0                   ; 0                              ;
;     -- Registered Output Ports              ; 0                   ; 0                              ;
;                                             ;                     ;                                ;
; Port Connectivity                           ;                     ;                                ;
;     -- Input Ports driven by GND            ; 0                   ; 0                              ;
;     -- Output Ports driven by GND           ; 0                   ; 0                              ;
;     -- Input Ports driven by VCC            ; 0                   ; 0                              ;
;     -- Output Ports driven by VCC           ; 0                   ; 0                              ;
;     -- Input Ports with no Source           ; 0                   ; 0                              ;
;     -- Output Ports with no Source          ; 0                   ; 0                              ;
;     -- Input Ports with no Fanout           ; 0                   ; 0                              ;
;     -- Output Ports with no Fanout          ; 0                   ; 0                              ;
+---------------------------------------------+---------------------+--------------------------------+


+---------------------------------------------------------------------------------------------------------------------------------------------------------------------------------------------------------------------------------------------------------------------------------------------+
; Input Pins                                                                                                                                                                                                                                                                                  ;
+------------+-------+----------+--------------+--------------+--------------+-----------------------+--------------------+--------+----------------+---------------+-----------------+----------+--------------+--------------+---------------------------+----------------------+-----------+
; Name       ; Pin # ; I/O Bank ; X coordinate ; Y coordinate ; Z coordinate ; Combinational Fan-Out ; Registered Fan-Out ; Global ; Input Register ; Power Up High ; PCI I/O Enabled ; Bus Hold ; Weak Pull Up ; I/O Standard ; Termination Control Block ; Location assigned by ; Slew Rate ;
+------------+-------+----------+--------------+--------------+--------------+-----------------------+--------------------+--------+----------------+---------------+-----------------+----------+--------------+--------------+---------------------------+----------------------+-----------+
; clock      ; 23    ; 1        ; 0            ; 11           ; 7            ; 676                   ; 0                  ; yes    ; no             ; no            ; yes             ; no       ; Off          ; 2.5 V        ; --                        ; Fitter               ; no        ;
; in_data[0] ; 85    ; 5        ; 34           ; 9            ; 7            ; 67                    ; 0                  ; no     ; no             ; no            ; yes             ; no       ; Off          ; 2.5 V        ; --                        ; Fitter               ; no        ;
; in_data[1] ; 84    ; 5        ; 34           ; 9            ; 14           ; 67                    ; 0                  ; no     ; no             ; no            ; yes             ; no       ; Off          ; 2.5 V        ; --                        ; Fitter               ; no        ;
; in_data[2] ; 69    ; 4        ; 30           ; 0            ; 0            ; 67                    ; 0                  ; no     ; no             ; no            ; yes             ; no       ; Off          ; 2.5 V        ; --                        ; Fitter               ; no        ;
; in_data[3] ; 83    ; 5        ; 34           ; 9            ; 21           ; 67                    ; 0                  ; no     ; no             ; no            ; yes             ; no       ; Off          ; 2.5 V        ; --                        ; Fitter               ; no        ;
; in_data[4] ; 86    ; 5        ; 34           ; 9            ; 0            ; 67                    ; 0                  ; no     ; no             ; no            ; yes             ; no       ; Off          ; 2.5 V        ; --                        ; Fitter               ; no        ;
; in_data[5] ; 87    ; 5        ; 34           ; 10           ; 7            ; 67                    ; 0                  ; no     ; no             ; no            ; yes             ; no       ; Off          ; 2.5 V        ; --                        ; Fitter               ; no        ;
; in_data[6] ; 88    ; 5        ; 34           ; 12           ; 21           ; 67                    ; 0                  ; no     ; no             ; no            ; yes             ; no       ; Off          ; 2.5 V        ; --                        ; Fitter               ; no        ;
; in_data[7] ; 89    ; 5        ; 34           ; 12           ; 14           ; 67                    ; 0                  ; no     ; no             ; no            ; yes             ; no       ; Off          ; 2.5 V        ; --                        ; Fitter               ; no        ;
; in_eop     ; 75    ; 5        ; 34           ; 3            ; 21           ; 2                     ; 0                  ; no     ; no             ; no            ; yes             ; no       ; Off          ; 2.5 V        ; --                        ; Fitter               ; no        ;
; in_sop     ; 66    ; 4        ; 28           ; 0            ; 0            ; 2                     ; 0                  ; no     ; no             ; no            ; yes             ; no       ; Off          ; 2.5 V        ; --                        ; Fitter               ; no        ;
; in_valid   ; 64    ; 4        ; 25           ; 0            ; 0            ; 10                    ; 0                  ; no     ; no             ; no            ; yes             ; no       ; Off          ; 2.5 V        ; --                        ; Fitter               ; no        ;
; out_ready  ; 68    ; 4        ; 30           ; 0            ; 7            ; 10                    ; 0                  ; no     ; no             ; no            ; yes             ; no       ; Off          ; 2.5 V        ; --                        ; Fitter               ; no        ;
; reset      ; 24    ; 2        ; 0            ; 11           ; 14           ; 40                    ; 0                  ; yes    ; no             ; no            ; yes             ; no       ; Off          ; 2.5 V        ; --                        ; Fitter               ; no        ;
+------------+-------+----------+--------------+--------------+--------------+-----------------------+--------------------+--------+----------------+---------------+-----------------+----------+--------------+--------------+---------------------------+----------------------+-----------+


+--------------------------------------------------------------------------------------------------------------------------------------------------------------------------------------------------------------------------------------------------------------------------------------------------------------------------------------------------------------------------------------------------------------------------------------------------------------+
; Output Pins                                                                                                                                                                                                                                                                                                                                                                                                                                                  ;
+-------------+-------+----------+--------------+--------------+--------------+-----------------+------------------------+---------------+-----------+-----------------+------------+---------------+----------+--------------+--------------+------------------+-----------------------------------+---------------------------+----------------------------+-----------------------------+----------------------+----------------------+---------------------+
; Name        ; Pin # ; I/O Bank ; X coordinate ; Y coordinate ; Z coordinate ; Output Register ; Output Enable Register ; Power Up High ; Slew Rate ; PCI I/O Enabled ; Open Drain ; TRI Primitive ; Bus Hold ; Weak Pull Up ; I/O Standard ; Current Strength ; Termination                       ; Termination Control Block ; Output Buffer Pre-emphasis ; Voltage Output Differential ; Location assigned by ; Output Enable Source ; Output Enable Group ;
+-------------+-------+----------+--------------+--------------+--------------+-----------------+------------------------+---------------+-----------+-----------------+------------+---------------+----------+--------------+--------------+------------------+-----------------------------------+---------------------------+----------------------------+-----------------------------+----------------------+----------------------+---------------------+
; drop        ; 52    ; 3        ; 16           ; 0            ; 7            ; no              ; no                     ; no            ; 2         ; no              ; no         ; no            ; no       ; Off          ; 2.5 V        ; Default          ; Series 50 Ohm without Calibration ; --                        ; no                         ; no                          ; Fitter               ; -                    ; -                   ;
; in_ready    ; 65    ; 4        ; 28           ; 0            ; 21           ; no              ; no                     ; no            ; 2         ; no              ; no         ; no            ; no       ; Off          ; 2.5 V        ; Default          ; Series 50 Ohm without Calibration ; --                        ; no                         ; no                          ; Fitter               ; -                    ; -                   ;
; out_data[0] ; 49    ; 3        ; 13           ; 0            ; 14           ; no              ; no                     ; no            ; 2         ; no              ; no         ; no            ; no       ; Off          ; 2.5 V        ; Default          ; Series 50 Ohm without Calibration ; --                        ; no                         ; no                          ; Fitter               ; -                    ; -                   ;
; out_data[1] ; 59    ; 4        ; 23           ; 0            ; 14           ; no              ; no                     ; no            ; 2         ; no              ; no         ; no            ; no       ; Off          ; 2.5 V        ; Default          ; Series 50 Ohm without Calibration ; --                        ; no                         ; no                          ; Fitter               ; -                    ; -                   ;
; out_data[2] ; 51    ; 3        ; 16           ; 0            ; 21           ; no              ; no                     ; no            ; 2         ; no              ; no         ; no            ; no       ; Off          ; 2.5 V        ; Default          ; Series 50 Ohm without Calibration ; --                        ; no                         ; no                          ; Fitter               ; -                    ; -                   ;
; out_data[3] ; 60    ; 4        ; 23           ; 0            ; 7            ; no              ; no                     ; no            ; 2         ; no              ; no         ; no            ; no       ; Off          ; 2.5 V        ; Default          ; Series 50 Ohm without Calibration ; --                        ; no                         ; no                          ; Fitter               ; -                    ; -                   ;
; out_data[4] ; 67    ; 4        ; 30           ; 0            ; 21           ; no              ; no                     ; no            ; 2         ; no              ; no         ; no            ; no       ; Off          ; 2.5 V        ; Default          ; Series 50 Ohm without Calibration ; --                        ; no                         ; no                          ; Fitter               ; -                    ; -                   ;
; out_data[5] ; 76    ; 5        ; 34           ; 4            ; 21           ; no              ; no                     ; no            ; 2         ; no              ; no         ; no            ; no       ; Off          ; 2.5 V        ; Default          ; Series 50 Ohm without Calibration ; --                        ; no                         ; no                          ; Fitter               ; -                    ; -                   ;
; out_data[6] ; 50    ; 3        ; 13           ; 0            ; 0            ; no              ; no                     ; no            ; 2         ; no              ; no         ; no            ; no       ; Off          ; 2.5 V        ; Default          ; Series 50 Ohm without Calibration ; --                        ; no                         ; no                          ; Fitter               ; -                    ; -                   ;
; out_data[7] ; 54    ; 4        ; 18           ; 0            ; 21           ; no              ; no                     ; no            ; 2         ; no              ; no         ; no            ; no       ; Off          ; 2.5 V        ; Default          ; Series 50 Ohm without Calibration ; --                        ; no                         ; no                          ; Fitter               ; -                    ; -                   ;
; out_eop     ; 58    ; 4        ; 21           ; 0            ; 7            ; no              ; no                     ; no            ; 2         ; no              ; no         ; no            ; no       ; Off          ; 2.5 V        ; Default          ; Series 50 Ohm without Calibration ; --                        ; no                         ; no                          ; Fitter               ; -                    ; -                   ;
; out_sop     ; 53    ; 3        ; 16           ; 0            ; 0            ; no              ; no                     ; no            ; 2         ; no              ; no         ; no            ; no       ; Off          ; 2.5 V        ; Default          ; Series 50 Ohm without Calibration ; --                        ; no                         ; no                          ; Fitter               ; -                    ; -                   ;
; out_valid   ; 55    ; 4        ; 18           ; 0            ; 14           ; no              ; no                     ; no            ; 2         ; no              ; no         ; no            ; no       ; Off          ; 2.5 V        ; Default          ; Series 50 Ohm without Calibration ; --                        ; no                         ; no                          ; Fitter               ; -                    ; -                   ;
+-------------+-------+----------+--------------+--------------+--------------+-----------------+------------------------+---------------+-----------+-----------------+------------+---------------+----------+--------------+--------------+------------------+-----------------------------------+---------------------------+----------------------------+-----------------------------+----------------------+----------------------+---------------------+


+-------------------------------------------------------------------------------------------------------------------------+
; Dual Purpose and Dedicated Pins                                                                                         ;
+----------+-----------------------------+--------------------------+-------------------------+---------------------------+
; Location ; Pin Name                    ; Reserved As              ; User Signal Name        ; Pin Type                  ;
+----------+-----------------------------+--------------------------+-------------------------+---------------------------+
; 6        ; DIFFIO_L1n, DATA1, ASDO     ; As input tri-stated      ; ~ALTERA_ASDO_DATA1~     ; Dual Purpose Pin          ;
; 8        ; DIFFIO_L2p, FLASH_nCE, nCSO ; As input tri-stated      ; ~ALTERA_FLASH_nCE_nCSO~ ; Dual Purpose Pin          ;
; 9        ; nSTATUS                     ; -                        ; -                       ; Dedicated Programming Pin ;
; 12       ; DCLK                        ; As output driving ground ; ~ALTERA_DCLK~           ; Dual Purpose Pin          ;
; 13       ; DATA0                       ; As input tri-stated      ; ~ALTERA_DATA0~          ; Dual Purpose Pin          ;
; 14       ; nCONFIG                     ; -                        ; -                       ; Dedicated Programming Pin ;
; 21       ; nCE                         ; -                        ; -                       ; Dedicated Programming Pin ;
; 86       ; DIFFIO_R7n, DEV_OE          ; Use as regular IO        ; in_data[4]              ; Dual Purpose Pin          ;
; 87       ; DIFFIO_R7p, DEV_CLRn        ; Use as regular IO        ; in_data[5]              ; Dual Purpose Pin          ;
; 92       ; CONF_DONE                   ; -                        ; -                       ; Dedicated Programming Pin ;
; 94       ; MSEL0                       ; -                        ; -                       ; Dedicated Programming Pin ;
; 96       ; MSEL1                       ; -                        ; -                       ; Dedicated Programming Pin ;
; 97       ; MSEL2                       ; -                        ; -                       ; Dedicated Programming Pin ;
; 97       ; MSEL3                       ; -                        ; -                       ; Dedicated Programming Pin ;
; 101      ; DIFFIO_R3n, nCEO            ; Use as programming pin   ; ~ALTERA_nCEO~           ; Dual Purpose Pin          ;
+----------+-----------------------------+--------------------------+-------------------------+---------------------------+


+------------------------------------------------------------+
; I/O Bank Usage                                             ;
+----------+------------------+---------------+--------------+
; I/O Bank ; Usage            ; VCCIO Voltage ; VREF Voltage ;
+----------+------------------+---------------+--------------+
; 1        ; 5 / 11 ( 45 % )  ; 2.5V          ; --           ;
; 2        ; 1 / 8 ( 13 % )   ; 2.5V          ; --           ;
; 3        ; 5 / 11 ( 45 % )  ; 2.5V          ; --           ;
; 4        ; 11 / 14 ( 79 % ) ; 2.5V          ; --           ;
; 5        ; 9 / 13 ( 69 % )  ; 2.5V          ; --           ;
; 6        ; 1 / 10 ( 10 % )  ; 2.5V          ; --           ;
; 7        ; 0 / 13 ( 0 % )   ; 2.5V          ; --           ;
; 8        ; 0 / 12 ( 0 % )   ; 2.5V          ; --           ;
+----------+------------------+---------------+--------------+


+-----------------------------------------------------------------------------------------------------------------------------------------------------------------------------------------+
; All Package Pins                                                                                                                                                                        ;
+----------+------------+----------+-----------------------------------------------------------+--------+--------------+---------+------------+-----------------+----------+--------------+
; Location ; Pad Number ; I/O Bank ; Pin Name/Usage                                            ; Dir.   ; I/O Standard ; Voltage ; I/O Type   ; User Assignment ; Bus Hold ; Weak Pull Up ;
+----------+------------+----------+-----------------------------------------------------------+--------+--------------+---------+------------+-----------------+----------+--------------+
; 1        ; 0          ; 1        ; RESERVED_INPUT_WITH_WEAK_PULLUP                           ;        ;              ;         ; Row I/O    ;                 ; no       ; On           ;
; 2        ; 1          ; 1        ; RESERVED_INPUT_WITH_WEAK_PULLUP                           ;        ;              ;         ; Row I/O    ;                 ; no       ; On           ;
; 3        ; 2          ; 1        ; RESERVED_INPUT_WITH_WEAK_PULLUP                           ;        ;              ;         ; Row I/O    ;                 ; no       ; On           ;
; 4        ;            ;          ; GND                                                       ; gnd    ;              ;         ; --         ;                 ; --       ; --           ;
; 5        ;            ;          ; VCCINT                                                    ; power  ;              ; 1.2V    ; --         ;                 ; --       ; --           ;
; 6        ; 5          ; 1        ; ~ALTERA_ASDO_DATA1~ / RESERVED_INPUT_WITH_WEAK_PULLUP     ; input  ; 2.5 V        ;         ; Row I/O    ; N               ; no       ; On           ;
; 7        ; 6          ; 1        ; RESERVED_INPUT_WITH_WEAK_PULLUP                           ;        ;              ;         ; Row I/O    ;                 ; --       ; --           ;
; 8        ; 7          ; 1        ; ~ALTERA_FLASH_nCE_nCSO~ / RESERVED_INPUT_WITH_WEAK_PULLUP ; input  ; 2.5 V        ;         ; Row I/O    ; N               ; no       ; On           ;
; 9        ; 9          ; 1        ; ^nSTATUS                                                  ;        ;              ;         ; --         ;                 ; --       ; --           ;
; 10       ; 13         ; 1        ; RESERVED_INPUT_WITH_WEAK_PULLUP                           ;        ;              ;         ; Row I/O    ;                 ; no       ; On           ;
; 11       ; 14         ; 1        ; RESERVED_INPUT_WITH_WEAK_PULLUP                           ;        ;              ;         ; Row I/O    ;                 ; no       ; On           ;
; 12       ; 15         ; 1        ; ~ALTERA_DCLK~                                             ; output ; 2.5 V        ;         ; Row I/O    ; N               ; no       ; On           ;
; 13       ; 16         ; 1        ; ~ALTERA_DATA0~ / RESERVED_INPUT_WITH_WEAK_PULLUP          ; input  ; 2.5 V        ;         ; Row I/O    ; N               ; no       ; On           ;
; 14       ; 17         ; 1        ; ^nCONFIG                                                  ;        ;              ;         ; --         ;                 ; --       ; --           ;
; 15       ; 18         ; 1        ; #TDI                                                      ; input  ;              ;         ; --         ;                 ; --       ; --           ;
; 16       ; 19         ; 1        ; #TCK                                                      ; input  ;              ;         ; --         ;                 ; --       ; --           ;
; 17       ;            ; 1        ; VCCIO1                                                    ; power  ;              ; 2.5V    ; --         ;                 ; --       ; --           ;
; 18       ; 20         ; 1        ; #TMS                                                      ; input  ;              ;         ; --         ;                 ; --       ; --           ;
; 19       ;            ;          ; GND                                                       ; gnd    ;              ;         ; --         ;                 ; --       ; --           ;
; 20       ; 21         ; 1        ; #TDO                                                      ; output ;              ;         ; --         ;                 ; --       ; --           ;
; 21       ; 22         ; 1        ; ^nCE                                                      ;        ;              ;         ; --         ;                 ; --       ; --           ;
; 22       ;            ;          ; GND                                                       ; gnd    ;              ;         ; --         ;                 ; --       ; --           ;
; 23       ; 24         ; 1        ; clock                                                     ; input  ; 2.5 V        ;         ; Row I/O    ; N               ; no       ; Off          ;
; 24       ; 25         ; 2        ; reset                                                     ; input  ; 2.5 V        ;         ; Row I/O    ; N               ; no       ; Off          ;
; 25       ; 26         ; 2        ; GND+                                                      ;        ;              ;         ; Row I/O    ;                 ; --       ; --           ;
; 26       ;            ; 2        ; VCCIO2                                                    ; power  ;              ; 2.5V    ; --         ;                 ; --       ; --           ;
; 27       ;            ;          ; GND                                                       ; gnd    ;              ;         ; --         ;                 ; --       ; --           ;
; 28       ; 31         ; 2        ; RESERVED_INPUT_WITH_WEAK_PULLUP                           ;        ;              ;         ; Row I/O    ;                 ; no       ; On           ;
; 29       ;            ;          ; VCCINT                                                    ; power  ;              ; 1.2V    ; --         ;                 ; --       ; --           ;
; 30       ; 34         ; 2        ; RESERVED_INPUT_WITH_WEAK_PULLUP                           ;        ;              ;         ; Row I/O    ;                 ; no       ; On           ;
; 31       ; 36         ; 2        ; RESERVED_INPUT_WITH_WEAK_PULLUP                           ;        ;              ;         ; Row I/O    ;                 ; --       ; --           ;
; 32       ; 39         ; 2        ; RESERVED_INPUT_WITH_WEAK_PULLUP                           ;        ;              ;         ; Row I/O    ;                 ; no       ; On           ;
; 33       ; 40         ; 2        ; RESERVED_INPUT_WITH_WEAK_PULLUP                           ;        ;              ;         ; Row I/O    ;                 ; no       ; On           ;
; 34       ; 41         ; 2        ; RESERVED_INPUT_WITH_WEAK_PULLUP                           ;        ;              ;         ; Row I/O    ;                 ; no       ; On           ;
; 35       ;            ; --       ; VCCA1                                                     ; power  ;              ; 2.5V    ; --         ;                 ; --       ; --           ;
; 36       ;            ;          ; GNDA1                                                     ; gnd    ;              ;         ; --         ;                 ; --       ; --           ;
; 37       ;            ;          ; VCCD_PLL1                                                 ; power  ;              ; 1.2V    ; --         ;                 ; --       ; --           ;
; 38       ; 45         ; 3        ; RESERVED_INPUT_WITH_WEAK_PULLUP                           ;        ;              ;         ; Column I/O ;                 ; no       ; On           ;
; 39       ; 46         ; 3        ; RESERVED_INPUT_WITH_WEAK_PULLUP                           ;        ;              ;         ; Column I/O ;                 ; no       ; On           ;
; 40       ;            ; 3        ; VCCIO3                                                    ; power  ;              ; 2.5V    ; --         ;                 ; --       ; --           ;
; 41       ;            ;          ; GND                                                       ; gnd    ;              ;         ; --         ;                 ; --       ; --           ;
; 42       ; 52         ; 3        ; RESERVED_INPUT_WITH_WEAK_PULLUP                           ;        ;              ;         ; Column I/O ;                 ; no       ; On           ;
; 43       ; 53         ; 3        ; RESERVED_INPUT_WITH_WEAK_PULLUP                           ;        ;              ;         ; Column I/O ;                 ; no       ; On           ;
; 44       ; 54         ; 3        ; RESERVED_INPUT_WITH_WEAK_PULLUP                           ;        ;              ;         ; Column I/O ;                 ; no       ; On           ;
; 45       ;            ;          ; VCCINT                                                    ; power  ;              ; 1.2V    ; --         ;                 ; --       ; --           ;
; 46       ; 58         ; 3        ; RESERVED_INPUT_WITH_WEAK_PULLUP                           ;        ;              ;         ; Column I/O ;                 ; --       ; --           ;
; 47       ;            ; 3        ; VCCIO3                                                    ; power  ;              ; 2.5V    ; --         ;                 ; --       ; --           ;
; 48       ;            ;          ; GND                                                       ; gnd    ;              ;         ; --         ;                 ; --       ; --           ;
; 49       ; 68         ; 3        ; out_data[0]                                               ; output ; 2.5 V        ;         ; Column I/O ; N               ; no       ; Off          ;
; 50       ; 69         ; 3        ; out_data[6]                                               ; output ; 2.5 V        ;         ; Column I/O ; N               ; no       ; Off          ;
; 51       ; 70         ; 3        ; out_data[2]                                               ; output ; 2.5 V        ;         ; Column I/O ; N               ; no       ; Off          ;
; 52       ; 72         ; 3        ; drop                                                      ; output ; 2.5 V        ;         ; Column I/O ; N               ; no       ; Off          ;
; 53       ; 73         ; 3        ; out_sop                                                   ; output ; 2.5 V        ;         ; Column I/O ; N               ; no       ; Off          ;
; 54       ; 74         ; 4        ; out_data[7]                                               ; output ; 2.5 V        ;         ; Column I/O ; N               ; no       ; Off          ;
; 55       ; 75         ; 4        ; out_valid                                                 ; output ; 2.5 V        ;         ; Column I/O ; N               ; no       ; Off          ;
; 56       ;            ; 4        ; VCCIO4                                                    ; power  ;              ; 2.5V    ; --         ;                 ; --       ; --           ;
; 57       ;            ;          ; GND                                                       ; gnd    ;              ;         ; --         ;                 ; --       ; --           ;
; 58       ; 80         ; 4        ; out_eop                                                   ; output ; 2.5 V        ;         ; Column I/O ; N               ; no       ; Off          ;
; 59       ; 83         ; 4        ; out_data[1]                                               ; output ; 2.5 V        ;         ; Column I/O ; N               ; no       ; Off          ;
; 60       ; 84         ; 4        ; out_data[3]                                               ; output ; 2.5 V        ;         ; Column I/O ; N               ; no       ; Off          ;
; 61       ;            ;          ; VCCINT                                                    ; power  ;              ; 1.2V    ; --         ;                 ; --       ; --           ;
; 62       ;            ; 4        ; VCCIO4                                                    ; power  ;              ; 2.5V    ; --         ;                 ; --       ; --           ;
; 63       ;            ;          ; GND                                                       ; gnd    ;              ;         ; --         ;                 ; --       ; --           ;
; 64       ; 89         ; 4        ; in_valid                                                  ; input  ; 2.5 V        ;         ; Column I/O ; N               ; no       ; Off          ;
; 65       ; 90         ; 4        ; in_ready                                                  ; output ; 2.5 V        ;         ; Column I/O ; N               ; no       ; Off          ;
; 66       ; 93         ; 4        ; in_sop                                                    ; input  ; 2.5 V        ;         ; Column I/O ; N               ; no       ; Off          ;
; 67       ; 94         ; 4        ; out_data[4]                                               ; output ; 2.5 V        ;         ; Column I/O ; N               ; no       ; Off          ;
; 68       ; 96         ; 4        ; out_ready                                                 ; input  ; 2.5 V        ;         ; Column I/O ; N               ; no       ; Off          ;
; 69       ; 97         ; 4        ; in_data[2]                                                ; input  ; 2.5 V        ;         ; Column I/O ; N               ; no       ; Off          ;
; 70       ; 98         ; 4        ; RESERVED_INPUT_WITH_WEAK_PULLUP                           ;        ;              ;         ; Column I/O ;                 ; no       ; On           ;
; 71       ; 99         ; 4        ; RESERVED_INPUT_WITH_WEAK_PULLUP                           ;        ;              ;         ; Column I/O ;                 ; no       ; On           ;
; 72       ; 100        ; 4        ; RESERVED_INPUT_WITH_WEAK_PULLUP                           ;        ;              ;         ; Column I/O ;                 ; no       ; On           ;
; 73       ; 102        ; 5        ; RESERVED_INPUT_WITH_WEAK_PULLUP                           ;        ;              ;         ; Row I/O    ;                 ; no       ; On           ;
; 74       ; 103        ; 5        ; RESERVED_INPUT_WITH_WEAK_PULLUP                           ;        ;              ;         ; Row I/O    ;                 ; no       ; On           ;
; 75       ; 104        ; 5        ; in_eop                                                    ; input  ; 2.5 V        ;         ; Row I/O    ; N               ; no       ; Off          ;
; 76       ; 106        ; 5        ; out_data[5]                                               ; output ; 2.5 V        ;         ; Row I/O    ; N               ; no       ; Off          ;
; 77       ; 107        ; 5        ; RESERVED_INPUT_WITH_WEAK_PULLUP                           ;        ;              ;         ; Row I/O    ;                 ; no       ; On           ;
; 78       ;            ;          ; VCCINT                                                    ; power  ;              ; 1.2V    ; --         ;                 ; --       ; --           ;
; 79       ;            ;          ; GND                                                       ; gnd    ;              ;         ; --         ;                 ; --       ; --           ;
; 80       ; 113        ; 5        ; RESERVED_INPUT_WITH_WEAK_PULLUP                           ;        ;              ;         ; Row I/O    ;                 ; --       ; --           ;
; 81       ;            ; 5        ; VCCIO5                                                    ; power  ;              ; 2.5V    ; --         ;                 ; --       ; --           ;
; 82       ;            ;          ; GND                                                       ; gnd    ;              ;         ; --         ;                 ; --       ; --           ;
; 83       ; 117        ; 5        ; in_data[3]                                                ; input  ; 2.5 V        ;         ; Row I/O    ; N               ; no       ; Off          ;
; 84       ; 118        ; 5        ; in_data[1]                                                ; input  ; 2.5 V        ;         ; Row I/O    ; N               ; no       ; Off          ;
; 85       ; 119        ; 5        ; in_data[0]                                                ; input  ; 2.5 V        ;         ; Row I/O    ; N               ; no       ; Off          ;
; 86       ; 120        ; 5        ; in_data[4]                                                ; input  ; 2.5 V        ;         ; Row I/O    ; N               ; no       ; Off          ;
; 87       ; 121        ; 5        ; in_data[5]                                                ; input  ; 2.5 V        ;         ; Row I/O    ; N               ; no       ; Off          ;
; 88       ; 125        ; 5        ; in_data[6]                                                ; input  ; 2.5 V        ;         ; Row I/O    ; N               ; no       ; Off          ;
; 89       ; 126        ; 5        ; in_data[7]                                                ; input  ; 2.5 V        ;         ; Row I/O    ; N               ; no       ; Off          ;
; 90       ; 127        ; 6        ; GND+                                                      ;        ;              ;         ; Row I/O    ;                 ; --       ; --           ;
; 91       ; 128        ; 6        ; GND+                                                      ;        ;              ;         ; Row I/O    ;                 ; --       ; --           ;
; 92       ; 129        ; 6        ; ^CONF_DONE                                                ;        ;              ;         ; --         ;                 ; --       ; --           ;
; 93       ;            ; 6        ; VCCIO6                                                    ; power  ;              ; 2.5V    ; --         ;                 ; --       ; --           ;
; 94       ; 130        ; 6        ; ^MSEL0                                                    ;        ;              ;         ; --         ;                 ; --       ; --           ;
; 95       ;            ;          ; GND                                                       ; gnd    ;              ;         ; --         ;                 ; --       ; --           ;
; 96       ; 131        ; 6        ; ^MSEL1                                                    ;        ;              ;         ; --         ;                 ; --       ; --           ;
; 97       ; 132        ; 6        ; ^MSEL2                                                    ;        ;              ;         ; --         ;                 ; --       ; --           ;
; 97       ; 133        ; 6        ; ^MSEL3                                                    ;        ;              ;         ; --         ;                 ; --       ; --           ;
; 98       ; 136        ; 6        ; RESERVED_INPUT_WITH_WEAK_PULLUP                           ;        ;              ;         ; Row I/O    ;                 ; no       ; On           ;
; 99       ; 137        ; 6        ; RESERVED_INPUT_WITH_WEAK_PULLUP                           ;        ;              ;         ; Row I/O    ;                 ; no       ; On           ;
; 100      ; 138        ; 6        ; RESERVED_INPUT_WITH_WEAK_PULLUP                           ;        ;              ;         ; Row I/O    ;                 ; no       ; On           ;
; 101      ; 139        ; 6        ; ~ALTERA_nCEO~ / RESERVED_OUTPUT_OPEN_DRAIN                ; output ; 2.5 V        ;         ; Row I/O    ; N               ; no       ; Off          ;
; 102      ;            ;          ; VCCINT                                                    ; power  ;              ; 1.2V    ; --         ;                 ; --       ; --           ;
; 103      ; 140        ; 6        ; RESERVED_INPUT_WITH_WEAK_PULLUP                           ;        ;              ;         ; Row I/O    ;                 ; no       ; On           ;
; 104      ; 141        ; 6        ; RESERVED_INPUT_WITH_WEAK_PULLUP                           ;        ;              ;         ; Row I/O    ;                 ; no       ; On           ;
; 105      ; 142        ; 6        ; RESERVED_INPUT_WITH_WEAK_PULLUP                           ;        ;              ;         ; Row I/O    ;                 ; --       ; --           ;
; 106      ; 146        ; 6        ; RESERVED_INPUT_WITH_WEAK_PULLUP                           ;        ;              ;         ; Row I/O    ;                 ; no       ; On           ;
; 107      ;            ; --       ; VCCA2                                                     ; power  ;              ; 2.5V    ; --         ;                 ; --       ; --           ;
; 108      ;            ;          ; GNDA2                                                     ; gnd    ;              ;         ; --         ;                 ; --       ; --           ;
; 109      ;            ;          ; VCCD_PLL2                                                 ; power  ;              ; 1.2V    ; --         ;                 ; --       ; --           ;
; 110      ; 152        ; 7        ; RESERVED_INPUT_WITH_WEAK_PULLUP                           ;        ;              ;         ; Column I/O ;                 ; no       ; On           ;
; 111      ; 154        ; 7        ; RESERVED_INPUT_WITH_WEAK_PULLUP                           ;        ;              ;         ; Column I/O ;                 ; no       ; On           ;
; 112      ; 155        ; 7        ; RESERVED_INPUT_WITH_WEAK_PULLUP                           ;        ;              ;         ; Column I/O ;                 ; no       ; On           ;
; 113      ; 156        ; 7        ; RESERVED_INPUT_WITH_WEAK_PULLUP                           ;        ;              ;         ; Column I/O ;                 ; no       ; On           ;
; 114      ; 157        ; 7        ; RESERVED_INPUT_WITH_WEAK_PULLUP                           ;        ;              ;         ; Column I/O ;                 ; no       ; On           ;
; 115      ; 158        ; 7        ; RESERVED_INPUT_WITH_WEAK_PULLUP                           ;        ;              ;         ; Column I/O ;                 ; no       ; On           ;
; 116      ;            ;          ; VCCINT                                                    ; power  ;              ; 1.2V    ; --         ;                 ; --       ; --           ;
; 117      ;            ; 7        ; VCCIO7                                                    ; power  ;              ; 2.5V    ; --         ;                 ; --       ; --           ;
; 118      ;            ;          ; GND                                                       ; gnd    ;              ;         ; --         ;                 ; --       ; --           ;
; 119      ; 163        ; 7        ; RESERVED_INPUT_WITH_WEAK_PULLUP                           ;        ;              ;         ; Column I/O ;                 ; --       ; --           ;
; 120      ; 164        ; 7        ; RESERVED_INPUT_WITH_WEAK_PULLUP                           ;        ;              ;         ; Column I/O ;                 ; no       ; On           ;
; 121      ; 165        ; 7        ; RESERVED_INPUT_WITH_WEAK_PULLUP                           ;        ;              ;         ; Column I/O ;                 ; no       ; On           ;
; 122      ;            ; 7        ; VCCIO7                                                    ; power  ;              ; 2.5V    ; --         ;                 ; --       ; --           ;
; 123      ;            ;          ; GND                                                       ; gnd    ;              ;         ; --         ;                 ; --       ; --           ;
; 124      ; 173        ; 7        ; RESERVED_INPUT_WITH_WEAK_PULLUP                           ;        ;              ;         ; Column I/O ;                 ; no       ; On           ;
; 125      ; 174        ; 7        ; RESERVED_INPUT_WITH_WEAK_PULLUP                           ;        ;              ;         ; Column I/O ;                 ; no       ; On           ;
; 126      ; 175        ; 7        ; RESERVED_INPUT_WITH_WEAK_PULLUP                           ;        ;              ;         ; Column I/O ;                 ; no       ; On           ;
; 127      ; 176        ; 7        ; RESERVED_INPUT_WITH_WEAK_PULLUP                           ;        ;              ;         ; Column I/O ;                 ; no       ; On           ;
; 128      ; 177        ; 8        ; RESERVED_INPUT_WITH_WEAK_PULLUP                           ;        ;              ;         ; Column I/O ;                 ; no       ; On           ;
; 129      ; 178        ; 8        ; RESERVED_INPUT_WITH_WEAK_PULLUP                           ;        ;              ;         ; Column I/O ;                 ; no       ; On           ;
; 130      ;            ; 8        ; VCCIO8                                                    ; power  ;              ; 2.5V    ; --         ;                 ; --       ; --           ;
; 131      ;            ;          ; GND                                                       ; gnd    ;              ;         ; --         ;                 ; --       ; --           ;
; 132      ; 181        ; 8        ; RESERVED_INPUT_WITH_WEAK_PULLUP                           ;        ;              ;         ; Column I/O ;                 ; no       ; On           ;
; 133      ; 182        ; 8        ; RESERVED_INPUT_WITH_WEAK_PULLUP                           ;        ;              ;         ; Column I/O ;                 ; no       ; On           ;
; 134      ;            ;          ; VCCINT                                                    ; power  ;              ; 1.2V    ; --         ;                 ; --       ; --           ;
; 135      ; 185        ; 8        ; RESERVED_INPUT_WITH_WEAK_PULLUP                           ;        ;              ;         ; Column I/O ;                 ; no       ; On           ;
; 136      ; 187        ; 8        ; RESERVED_INPUT_WITH_WEAK_PULLUP                           ;        ;              ;         ; Column I/O ;                 ; --       ; --           ;
; 137      ; 190        ; 8        ; RESERVED_INPUT_WITH_WEAK_PULLUP                           ;        ;              ;         ; Column I/O ;                 ; no       ; On           ;
; 138      ; 191        ; 8        ; RESERVED_INPUT_WITH_WEAK_PULLUP                           ;        ;              ;         ; Column I/O ;                 ; no       ; On           ;
; 139      ;            ; 8        ; VCCIO8                                                    ; power  ;              ; 2.5V    ; --         ;                 ; --       ; --           ;
; 140      ;            ;          ; GND                                                       ; gnd    ;              ;         ; --         ;                 ; --       ; --           ;
; 141      ; 195        ; 8        ; RESERVED_INPUT_WITH_WEAK_PULLUP                           ;        ;              ;         ; Column I/O ;                 ; no       ; On           ;
; 142      ; 201        ; 8        ; RESERVED_INPUT_WITH_WEAK_PULLUP                           ;        ;              ;         ; Column I/O ;                 ; no       ; On           ;
; 143      ; 202        ; 8        ; RESERVED_INPUT_WITH_WEAK_PULLUP                           ;        ;              ;         ; Column I/O ;                 ; no       ; On           ;
; 144      ; 203        ; 8        ; RESERVED_INPUT_WITH_WEAK_PULLUP                           ;        ;              ;         ; Column I/O ;                 ; no       ; On           ;
; EPAD     ;            ;          ; GND                                                       ;        ;              ;         ; --         ;                 ; --       ; --           ;
+----------+------------+----------+-----------------------------------------------------------+--------+--------------+---------+------------+-----------------+----------+--------------+
Note: Pin directions (input, output or bidir) are based on device operating in user mode.


+---------------------------------------------+
; I/O Assignment Warnings                     ;
+-------------+-------------------------------+
; Pin Name    ; Reason                        ;
+-------------+-------------------------------+
; in_ready    ; Incomplete set of assignments ;
; out_data[0] ; Incomplete set of assignments ;
; out_data[1] ; Incomplete set of assignments ;
; out_data[2] ; Incomplete set of assignments ;
; out_data[3] ; Incomplete set of assignments ;
; out_data[4] ; Incomplete set of assignments ;
; out_data[5] ; Incomplete set of assignments ;
; out_data[6] ; Incomplete set of assignments ;
; out_data[7] ; Incomplete set of assignments ;
; out_valid   ; Incomplete set of assignments ;
; out_sop     ; Incomplete set of assignments ;
; out_eop     ; Incomplete set of assignments ;
; drop        ; Incomplete set of assignments ;
; clock       ; Incomplete set of assignments ;
; reset       ; Incomplete set of assignments ;
; out_ready   ; Incomplete set of assignments ;
; in_valid    ; Incomplete set of assignments ;
; in_sop      ; Incomplete set of assignments ;
; in_eop      ; Incomplete set of assignments ;
; in_data[0]  ; Incomplete set of assignments ;
; in_data[1]  ; Incomplete set of assignments ;
; in_data[2]  ; Incomplete set of assignments ;
; in_data[3]  ; Incomplete set of assignments ;
; in_data[4]  ; Incomplete set of assignments ;
; in_data[5]  ; Incomplete set of assignments ;
; in_data[6]  ; Incomplete set of assignments ;
; in_data[7]  ; Incomplete set of assignments ;
; in_ready    ; Missing location assignment   ;
; out_data[0] ; Missing location assignment   ;
; out_data[1] ; Missing location assignment   ;
; out_data[2] ; Missing location assignment   ;
; out_data[3] ; Missing location assignment   ;
; out_data[4] ; Missing location assignment   ;
; out_data[5] ; Missing location assignment   ;
; out_data[6] ; Missing location assignment   ;
; out_data[7] ; Missing location assignment   ;
; out_valid   ; Missing location assignment   ;
; out_sop     ; Missing location assignment   ;
; out_eop     ; Missing location assignment   ;
; drop        ; Missing location assignment   ;
; clock       ; Missing location assignment   ;
; reset       ; Missing location assignment   ;
; out_ready   ; Missing location assignment   ;
; in_valid    ; Missing location assignment   ;
; in_sop      ; Missing location assignment   ;
; in_eop      ; Missing location assignment   ;
; in_data[0]  ; Missing location assignment   ;
; in_data[1]  ; Missing location assignment   ;
; in_data[2]  ; Missing location assignment   ;
; in_data[3]  ; Missing location assignment   ;
; in_data[4]  ; Missing location assignment   ;
; in_data[5]  ; Missing location assignment   ;
; in_data[6]  ; Missing location assignment   ;
; in_data[7]  ; Missing location assignment   ;
+-------------+-------------------------------+


+-------------------------------------------------------------------------------------------------------------------------------------------------------------------------------------------------------------------------------------------------------------------------------+
; Fitter Resource Utilization by Entity                                                                                                                                                                                                                                         ;
+----------------------------+-------------+---------------------------+---------------+-------------+------+--------------+---------+-----------+------+--------------+--------------+-------------------+------------------+---------------------+-------------+--------------+
; Compilation Hierarchy Node ; Logic Cells ; Dedicated Logic Registers ; I/O Registers ; Memory Bits ; M9Ks ; DSP Elements ; DSP 9x9 ; DSP 18x18 ; Pins ; Virtual Pins ; LUT-Only LCs ; Register-Only LCs ; LUT/Register LCs ; Full Hierarchy Name ; Entity Name ; Library Name ;
+----------------------------+-------------+---------------------------+---------------+-------------+------+--------------+---------+-----------+------+--------------+--------------+-------------------+------------------+---------------------+-------------+--------------+
; |ip_ttl                    ; 978 (978)   ; 676 (676)                 ; 0 (0)         ; 0           ; 0    ; 0            ; 0       ; 0         ; 27   ; 0            ; 302 (302)    ; 300 (300)         ; 376 (376)        ; |ip_ttl             ; ip_ttl      ; work         ;
+----------------------------+-------------+---------------------------+---------------+-------------+------+--------------+---------+-----------+------+--------------+--------------+-------------------+------------------+---------------------+-------------+--------------+
Note: For table entries with two numbers listed, the numbers in parentheses indicate the number of resources of the given type used by the specific entity alone. The numbers listed outside of parentheses indicate the total resources of the given type used by the specific entity and all of its sub-entities in the hierarchy.


+---------------------------------------------------------------------------------------------+
; Delay Chain Summary                                                                         ;
+-------------+----------+---------------+---------------+-----------------------+-----+------+
; Name        ; Pin Type ; Pad to Core 0 ; Pad to Core 1 ; Pad to Input Register ; TCO ; TCOE ;
+-------------+----------+---------------+---------------+-----------------------+-----+------+
; in_ready    ; Output   ; --            ; --            ; --                    ; --  ; --   ;
; out_data[0] ; Output   ; --            ; --            ; --                    ; --  ; --   ;
; out_data[1] ; Output   ; --            ; --            ; --                    ; --  ; --   ;
; out_data[2] ; Output   ; --            ; --            ; --                    ; --  ; --   ;
; out_data[3] ; Output   ; --            ; --            ; --                    ; --  ; --   ;
; out_data[4] ; Output   ; --            ; --            ; --                    ; --  ; --   ;
; out_data[5] ; Output   ; --            ; --            ; --                    ; --  ; --   ;
; out_data[6] ; Output   ; --            ; --            ; --                    ; --  ; --   ;
; out_data[7] ; Output   ; --            ; --            ; --                    ; --  ; --   ;
; out_valid   ; Output   ; --            ; --            ; --                    ; --  ; --   ;
; out_sop     ; Output   ; --            ; --            ; --                    ; --  ; --   ;
; out_eop     ; Output   ; --            ; --            ; --                    ; --  ; --   ;
; drop        ; Output   ; --            ; --            ; --                    ; --  ; --   ;
; clock       ; Input    ; (0) 0 ps      ; --            ; --                    ; --  ; --   ;
; reset       ; Input    ; (0) 0 ps      ; --            ; --                    ; --  ; --   ;
; out_ready   ; Input    ; (6) 1314 ps   ; --            ; --                    ; --  ; --   ;
; in_valid    ; Input    ; (6) 1314 ps   ; --            ; --                    ; --  ; --   ;
; in_sop      ; Input    ; (6) 1314 ps   ; --            ; --                    ; --  ; --   ;
; in_eop      ; Input    ; --            ; (6) 1314 ps   ; --                    ; --  ; --   ;
; in_data[0]  ; Input    ; --            ; (6) 1314 ps   ; --                    ; --  ; --   ;
; in_data[1]  ; Input    ; (6) 1314 ps   ; --            ; --                    ; --  ; --   ;
; in_data[2]  ; Input    ; --            ; (6) 1314 ps   ; --                    ; --  ; --   ;
; in_data[3]  ; Input    ; (6) 1314 ps   ; --            ; --                    ; --  ; --   ;
; in_data[4]  ; Input    ; (6) 1314 ps   ; --            ; --                    ; --  ; --   ;
; in_data[5]  ; Input    ; --            ; (6) 1314 ps   ; --                    ; --  ; --   ;
; in_data[6]  ; Input    ; (0) 0 ps      ; --            ; --                    ; --  ; --   ;
; in_data[7]  ; Input    ; (0) 0 ps      ; --            ; --                    ; --  ; --   ;
+-------------+----------+---------------+---------------+-----------------------+-----+------+


+---------------------------------------------------------------+
; Pad To Core Delay Chain Fanout                                ;
+---------------------------------+-------------------+---------+
; Source Pin / Fanout             ; Pad To Core Index ; Setting ;
+---------------------------------+-------------------+---------+
; clock                           ;                   ;         ;
; reset                           ;                   ;         ;
; out_ready                       ;                   ;         ;
;      - out_data[0]~16           ; 0                 ; 6       ;
;      - out_valid~0              ; 0                 ; 6       ;
;      - out_sop~1                ; 0                 ; 6       ;
;      - out_eop~0                ; 0                 ; 6       ;
;      - Selector105~2            ; 0                 ; 6       ;
;      - byte_cnt[6]~1            ; 0                 ; 6       ;
;      - Selector21~1             ; 0                 ; 6       ;
;      - icmp_cnt[5]~12           ; 0                 ; 6       ;
;      - Selector107~0            ; 0                 ; 6       ;
;      - out_data[4]~89           ; 0                 ; 6       ;
; in_valid                        ;                   ;         ;
;      - Selector103~2            ; 0                 ; 6       ;
;      - Selector103~4            ; 0                 ; 6       ;
;      - Selector103~5            ; 0                 ; 6       ;
;      - Selector32~0             ; 0                 ; 6       ;
;      - byte_cnt[6]~1            ; 0                 ; 6       ;
;      - Selector21~0             ; 0                 ; 6       ;
;      - Selector21~2             ; 0                 ; 6       ;
;      - stored_dst_mac[24]~1     ; 0                 ; 6       ;
;      - pkt_buffer~868           ; 0                 ; 6       ;
;      - src_ip_addr[16]~1        ; 0                 ; 6       ;
; in_sop                          ;                   ;         ;
;      - Selector103~4            ; 0                 ; 6       ;
;      - stored_dst_mac[24]~0     ; 0                 ; 6       ;
; in_eop                          ;                   ;         ;
;      - Selector32~0             ; 1                 ; 6       ;
;      - Selector21~2             ; 1                 ; 6       ;
; in_data[0]                      ;                   ;         ;
;      - stored_src_mac[0]        ; 1                 ; 6       ;
;      - src_ip_addr[0]           ; 1                 ; 6       ;
;      - stored_dst_mac[0]        ; 1                 ; 6       ;
;      - pkt_buffer~191           ; 1                 ; 6       ;
;      - pkt_buffer~319           ; 1                 ; 6       ;
;      - pkt_buffer~63            ; 1                 ; 6       ;
;      - pkt_buffer~447           ; 1                 ; 6       ;
;      - pkt_buffer~351           ; 1                 ; 6       ;
;      - pkt_buffer~223           ; 1                 ; 6       ;
;      - pkt_buffer~95            ; 1                 ; 6       ;
;      - pkt_buffer~479           ; 1                 ; 6       ;
;      - pkt_buffer~287           ; 1                 ; 6       ;
;      - pkt_buffer~159           ; 1                 ; 6       ;
;      - pkt_buffer~31            ; 1                 ; 6       ;
;      - pkt_buffer~415           ; 1                 ; 6       ;
;      - pkt_buffer~255           ; 1                 ; 6       ;
;      - pkt_buffer~383           ; 1                 ; 6       ;
;      - pkt_buffer~127           ; 1                 ; 6       ;
;      - pkt_buffer~511           ; 1                 ; 6       ;
;      - pkt_buffer~215           ; 1                 ; 6       ;
;      - pkt_buffer~87            ; 1                 ; 6       ;
;      - pkt_buffer~183           ; 1                 ; 6       ;
;      - pkt_buffer~311           ; 1                 ; 6       ;
;      - pkt_buffer~55            ; 1                 ; 6       ;
;      - pkt_buffer~439           ; 1                 ; 6       ;
;      - pkt_buffer~151           ; 1                 ; 6       ;
;      - pkt_buffer~23            ; 1                 ; 6       ;
;      - pkt_buffer~407           ; 1                 ; 6       ;
;      - pkt_buffer~119           ; 1                 ; 6       ;
;      - pkt_buffer~503           ; 1                 ; 6       ;
;      - pkt_buffer~175           ; 1                 ; 6       ;
;      - pkt_buffer~303           ; 1                 ; 6       ;
;      - pkt_buffer~47            ; 1                 ; 6       ;
;      - pkt_buffer~431           ; 1                 ; 6       ;
;      - pkt_buffer~335           ; 1                 ; 6       ;
;      - pkt_buffer~79            ; 1                 ; 6       ;
;      - pkt_buffer~463           ; 1                 ; 6       ;
;      - pkt_buffer~271           ; 1                 ; 6       ;
;      - pkt_buffer~143           ; 1                 ; 6       ;
;      - pkt_buffer~15            ; 1                 ; 6       ;
;      - pkt_buffer~399           ; 1                 ; 6       ;
;      - pkt_buffer~239           ; 1                 ; 6       ;
;      - pkt_buffer~367           ; 1                 ; 6       ;
;      - pkt_buffer~111           ; 1                 ; 6       ;
;      - pkt_buffer~495           ; 1                 ; 6       ;
;      - pkt_buffer~359           ; 1                 ; 6       ;
;      - pkt_buffer~327           ; 1                 ; 6       ;
;      - pkt_buffer~295           ; 1                 ; 6       ;
;      - pkt_buffer~199           ; 1                 ; 6       ;
;      - pkt_buffer~231           ; 1                 ; 6       ;
;      - pkt_buffer~167           ; 1                 ; 6       ;
;      - pkt_buffer~263           ; 1                 ; 6       ;
;      - pkt_buffer~103           ; 1                 ; 6       ;
;      - pkt_buffer~71            ; 1                 ; 6       ;
;      - pkt_buffer~39            ; 1                 ; 6       ;
;      - pkt_buffer~135           ; 1                 ; 6       ;
;      - pkt_buffer~455           ; 1                 ; 6       ;
;      - pkt_buffer~487           ; 1                 ; 6       ;
;      - pkt_buffer~423           ; 1                 ; 6       ;
;      - pkt_buffer~519           ; 1                 ; 6       ;
;      - pkt_buffer~279feeder     ; 1                 ; 6       ;
;      - pkt_buffer~391feeder     ; 1                 ; 6       ;
;      - pkt_buffer~247feeder     ; 1                 ; 6       ;
;      - pkt_buffer~375feeder     ; 1                 ; 6       ;
;      - pkt_buffer~343feeder     ; 1                 ; 6       ;
;      - pkt_buffer~471feeder     ; 1                 ; 6       ;
;      - pkt_buffer~207feeder     ; 1                 ; 6       ;
; in_data[1]                      ;                   ;         ;
;      - stored_src_mac[1]        ; 0                 ; 6       ;
;      - src_ip_addr[1]           ; 0                 ; 6       ;
;      - stored_dst_mac[1]        ; 0                 ; 6       ;
;      - pkt_buffer~320           ; 0                 ; 6       ;
;      - pkt_buffer~64            ; 0                 ; 6       ;
;      - pkt_buffer~448           ; 0                 ; 6       ;
;      - pkt_buffer~352           ; 0                 ; 6       ;
;      - pkt_buffer~96            ; 0                 ; 6       ;
;      - pkt_buffer~480           ; 0                 ; 6       ;
;      - pkt_buffer~288           ; 0                 ; 6       ;
;      - pkt_buffer~160           ; 0                 ; 6       ;
;      - pkt_buffer~32            ; 0                 ; 6       ;
;      - pkt_buffer~416           ; 0                 ; 6       ;
;      - pkt_buffer~384           ; 0                 ; 6       ;
;      - pkt_buffer~128           ; 0                 ; 6       ;
;      - pkt_buffer~512           ; 0                 ; 6       ;
;      - pkt_buffer~344           ; 0                 ; 6       ;
;      - pkt_buffer~216           ; 0                 ; 6       ;
;      - pkt_buffer~88            ; 0                 ; 6       ;
;      - pkt_buffer~472           ; 0                 ; 6       ;
;      - pkt_buffer~184           ; 0                 ; 6       ;
;      - pkt_buffer~312           ; 0                 ; 6       ;
;      - pkt_buffer~56            ; 0                 ; 6       ;
;      - pkt_buffer~280           ; 0                 ; 6       ;
;      - pkt_buffer~152           ; 0                 ; 6       ;
;      - pkt_buffer~24            ; 0                 ; 6       ;
;      - pkt_buffer~408           ; 0                 ; 6       ;
;      - pkt_buffer~248           ; 0                 ; 6       ;
;      - pkt_buffer~376           ; 0                 ; 6       ;
;      - pkt_buffer~120           ; 0                 ; 6       ;
;      - pkt_buffer~504           ; 0                 ; 6       ;
;      - pkt_buffer~176           ; 0                 ; 6       ;
;      - pkt_buffer~48            ; 0                 ; 6       ;
;      - pkt_buffer~432           ; 0                 ; 6       ;
;      - pkt_buffer~208           ; 0                 ; 6       ;
;      - pkt_buffer~80            ; 0                 ; 6       ;
;      - pkt_buffer~464           ; 0                 ; 6       ;
;      - pkt_buffer~272           ; 0                 ; 6       ;
;      - pkt_buffer~144           ; 0                 ; 6       ;
;      - pkt_buffer~16            ; 0                 ; 6       ;
;      - pkt_buffer~400           ; 0                 ; 6       ;
;      - pkt_buffer~240           ; 0                 ; 6       ;
;      - pkt_buffer~368           ; 0                 ; 6       ;
;      - pkt_buffer~112           ; 0                 ; 6       ;
;      - pkt_buffer~496           ; 0                 ; 6       ;
;      - pkt_buffer~296           ; 0                 ; 6       ;
;      - pkt_buffer~200           ; 0                 ; 6       ;
;      - pkt_buffer~168           ; 0                 ; 6       ;
;      - pkt_buffer~104           ; 0                 ; 6       ;
;      - pkt_buffer~72            ; 0                 ; 6       ;
;      - pkt_buffer~136           ; 0                 ; 6       ;
;      - pkt_buffer~456           ; 0                 ; 6       ;
;      - pkt_buffer~488           ; 0                 ; 6       ;
;      - pkt_buffer~424           ; 0                 ; 6       ;
;      - pkt_buffer~520           ; 0                 ; 6       ;
;      - pkt_buffer~304feeder     ; 0                 ; 6       ;
;      - pkt_buffer~328feeder     ; 0                 ; 6       ;
;      - pkt_buffer~224feeder     ; 0                 ; 6       ;
;      - pkt_buffer~256feeder     ; 0                 ; 6       ;
;      - pkt_buffer~440feeder     ; 0                 ; 6       ;
;      - pkt_buffer~392feeder     ; 0                 ; 6       ;
;      - pkt_buffer~360feeder     ; 0                 ; 6       ;
;      - pkt_buffer~336feeder     ; 0                 ; 6       ;
;      - pkt_buffer~192feeder     ; 0                 ; 6       ;
;      - pkt_buffer~264feeder     ; 0                 ; 6       ;
;      - pkt_buffer~232feeder     ; 0                 ; 6       ;
;      - pkt_buffer~40feeder      ; 0                 ; 6       ;
; in_data[2]                      ;                   ;         ;
;      - stored_dst_mac[2]        ; 1                 ; 6       ;
;      - pkt_buffer~193           ; 1                 ; 6       ;
;      - pkt_buffer~321           ; 1                 ; 6       ;
;      - pkt_buffer~353           ; 1                 ; 6       ;
;      - pkt_buffer~225           ; 1                 ; 6       ;
;      - pkt_buffer~97            ; 1                 ; 6       ;
;      - pkt_buffer~481           ; 1                 ; 6       ;
;      - pkt_buffer~289           ; 1                 ; 6       ;
;      - pkt_buffer~161           ; 1                 ; 6       ;
;      - pkt_buffer~33            ; 1                 ; 6       ;
;      - pkt_buffer~417           ; 1                 ; 6       ;
;      - pkt_buffer~257           ; 1                 ; 6       ;
;      - pkt_buffer~513           ; 1                 ; 6       ;
;      - pkt_buffer~345           ; 1                 ; 6       ;
;      - pkt_buffer~217           ; 1                 ; 6       ;
;      - pkt_buffer~89            ; 1                 ; 6       ;
;      - pkt_buffer~473           ; 1                 ; 6       ;
;      - pkt_buffer~185           ; 1                 ; 6       ;
;      - pkt_buffer~313           ; 1                 ; 6       ;
;      - pkt_buffer~281           ; 1                 ; 6       ;
;      - pkt_buffer~153           ; 1                 ; 6       ;
;      - pkt_buffer~505           ; 1                 ; 6       ;
;      - pkt_buffer~177           ; 1                 ; 6       ;
;      - pkt_buffer~305           ; 1                 ; 6       ;
;      - pkt_buffer~49            ; 1                 ; 6       ;
;      - pkt_buffer~433           ; 1                 ; 6       ;
;      - pkt_buffer~337           ; 1                 ; 6       ;
;      - pkt_buffer~81            ; 1                 ; 6       ;
;      - pkt_buffer~465           ; 1                 ; 6       ;
;      - pkt_buffer~273           ; 1                 ; 6       ;
;      - pkt_buffer~145           ; 1                 ; 6       ;
;      - pkt_buffer~17            ; 1                 ; 6       ;
;      - pkt_buffer~401           ; 1                 ; 6       ;
;      - pkt_buffer~241           ; 1                 ; 6       ;
;      - pkt_buffer~369           ; 1                 ; 6       ;
;      - pkt_buffer~113           ; 1                 ; 6       ;
;      - pkt_buffer~497           ; 1                 ; 6       ;
;      - pkt_buffer~361           ; 1                 ; 6       ;
;      - pkt_buffer~329           ; 1                 ; 6       ;
;      - pkt_buffer~297           ; 1                 ; 6       ;
;      - pkt_buffer~393           ; 1                 ; 6       ;
;      - pkt_buffer~201           ; 1                 ; 6       ;
;      - pkt_buffer~233           ; 1                 ; 6       ;
;      - pkt_buffer~169           ; 1                 ; 6       ;
;      - pkt_buffer~265           ; 1                 ; 6       ;
;      - pkt_buffer~105           ; 1                 ; 6       ;
;      - pkt_buffer~73            ; 1                 ; 6       ;
;      - pkt_buffer~41            ; 1                 ; 6       ;
;      - pkt_buffer~137           ; 1                 ; 6       ;
;      - pkt_buffer~457           ; 1                 ; 6       ;
;      - pkt_buffer~489           ; 1                 ; 6       ;
;      - pkt_buffer~425           ; 1                 ; 6       ;
;      - pkt_buffer~521           ; 1                 ; 6       ;
;      - pkt_buffer~57feeder      ; 1                 ; 6       ;
;      - pkt_buffer~441feeder     ; 1                 ; 6       ;
;      - pkt_buffer~209feeder     ; 1                 ; 6       ;
;      - pkt_buffer~385feeder     ; 1                 ; 6       ;
;      - pkt_buffer~65feeder      ; 1                 ; 6       ;
;      - pkt_buffer~129feeder     ; 1                 ; 6       ;
;      - pkt_buffer~377feeder     ; 1                 ; 6       ;
;      - pkt_buffer~121feeder     ; 1                 ; 6       ;
;      - src_ip_addr[2]~feeder    ; 1                 ; 6       ;
;      - pkt_buffer~25feeder      ; 1                 ; 6       ;
;      - pkt_buffer~449feeder     ; 1                 ; 6       ;
;      - stored_src_mac[2]~feeder ; 1                 ; 6       ;
;      - pkt_buffer~409feeder     ; 1                 ; 6       ;
;      - pkt_buffer~249feeder     ; 1                 ; 6       ;
; in_data[3]                      ;                   ;         ;
;      - stored_src_mac[3]        ; 0                 ; 6       ;
;      - src_ip_addr[3]           ; 0                 ; 6       ;
;      - stored_dst_mac[3]        ; 0                 ; 6       ;
;      - pkt_buffer~194           ; 0                 ; 6       ;
;      - pkt_buffer~66            ; 0                 ; 6       ;
;      - pkt_buffer~226           ; 0                 ; 6       ;
;      - pkt_buffer~290           ; 0                 ; 6       ;
;      - pkt_buffer~162           ; 0                 ; 6       ;
;      - pkt_buffer~34            ; 0                 ; 6       ;
;      - pkt_buffer~418           ; 0                 ; 6       ;
;      - pkt_buffer~258           ; 0                 ; 6       ;
;      - pkt_buffer~386           ; 0                 ; 6       ;
;      - pkt_buffer~130           ; 0                 ; 6       ;
;      - pkt_buffer~514           ; 0                 ; 6       ;
;      - pkt_buffer~90            ; 0                 ; 6       ;
;      - pkt_buffer~474           ; 0                 ; 6       ;
;      - pkt_buffer~186           ; 0                 ; 6       ;
;      - pkt_buffer~314           ; 0                 ; 6       ;
;      - pkt_buffer~282           ; 0                 ; 6       ;
;      - pkt_buffer~154           ; 0                 ; 6       ;
;      - pkt_buffer~26            ; 0                 ; 6       ;
;      - pkt_buffer~410           ; 0                 ; 6       ;
;      - pkt_buffer~250           ; 0                 ; 6       ;
;      - pkt_buffer~378           ; 0                 ; 6       ;
;      - pkt_buffer~122           ; 0                 ; 6       ;
;      - pkt_buffer~506           ; 0                 ; 6       ;
;      - pkt_buffer~178           ; 0                 ; 6       ;
;      - pkt_buffer~50            ; 0                 ; 6       ;
;      - pkt_buffer~338           ; 0                 ; 6       ;
;      - pkt_buffer~82            ; 0                 ; 6       ;
;      - pkt_buffer~466           ; 0                 ; 6       ;
;      - pkt_buffer~274           ; 0                 ; 6       ;
;      - pkt_buffer~146           ; 0                 ; 6       ;
;      - pkt_buffer~18            ; 0                 ; 6       ;
;      - pkt_buffer~402           ; 0                 ; 6       ;
;      - pkt_buffer~242           ; 0                 ; 6       ;
;      - pkt_buffer~370           ; 0                 ; 6       ;
;      - pkt_buffer~114           ; 0                 ; 6       ;
;      - pkt_buffer~498           ; 0                 ; 6       ;
;      - pkt_buffer~298           ; 0                 ; 6       ;
;      - pkt_buffer~394           ; 0                 ; 6       ;
;      - pkt_buffer~202           ; 0                 ; 6       ;
;      - pkt_buffer~170           ; 0                 ; 6       ;
;      - pkt_buffer~266           ; 0                 ; 6       ;
;      - pkt_buffer~74            ; 0                 ; 6       ;
;      - pkt_buffer~42            ; 0                 ; 6       ;
;      - pkt_buffer~138           ; 0                 ; 6       ;
;      - pkt_buffer~458           ; 0                 ; 6       ;
;      - pkt_buffer~426           ; 0                 ; 6       ;
;      - pkt_buffer~522           ; 0                 ; 6       ;
;      - pkt_buffer~434feeder     ; 0                 ; 6       ;
;      - pkt_buffer~450feeder     ; 0                 ; 6       ;
;      - pkt_buffer~306feeder     ; 0                 ; 6       ;
;      - pkt_buffer~330feeder     ; 0                 ; 6       ;
;      - pkt_buffer~58feeder      ; 0                 ; 6       ;
;      - pkt_buffer~442feeder     ; 0                 ; 6       ;
;      - pkt_buffer~210feeder     ; 0                 ; 6       ;
;      - pkt_buffer~106feeder     ; 0                 ; 6       ;
;      - pkt_buffer~482feeder     ; 0                 ; 6       ;
;      - pkt_buffer~490feeder     ; 0                 ; 6       ;
;      - pkt_buffer~346feeder     ; 0                 ; 6       ;
;      - pkt_buffer~218feeder     ; 0                 ; 6       ;
;      - pkt_buffer~234feeder     ; 0                 ; 6       ;
;      - pkt_buffer~322feeder     ; 0                 ; 6       ;
;      - pkt_buffer~354feeder     ; 0                 ; 6       ;
;      - pkt_buffer~98feeder      ; 0                 ; 6       ;
;      - pkt_buffer~362feeder     ; 0                 ; 6       ;
; in_data[4]                      ;                   ;         ;
;      - src_ip_addr[4]           ; 0                 ; 6       ;
;      - stored_dst_mac[4]        ; 0                 ; 6       ;
;      - pkt_buffer~195           ; 0                 ; 6       ;
;      - pkt_buffer~323           ; 0                 ; 6       ;
;      - pkt_buffer~67            ; 0                 ; 6       ;
;      - pkt_buffer~451           ; 0                 ; 6       ;
;      - pkt_buffer~355           ; 0                 ; 6       ;
;      - pkt_buffer~227           ; 0                 ; 6       ;
;      - pkt_buffer~99            ; 0                 ; 6       ;
;      - pkt_buffer~291           ; 0                 ; 6       ;
;      - pkt_buffer~163           ; 0                 ; 6       ;
;      - pkt_buffer~35            ; 0                 ; 6       ;
;      - pkt_buffer~419           ; 0                 ; 6       ;
;      - pkt_buffer~131           ; 0                 ; 6       ;
;      - pkt_buffer~515           ; 0                 ; 6       ;
;      - pkt_buffer~347           ; 0                 ; 6       ;
;      - pkt_buffer~219           ; 0                 ; 6       ;
;      - pkt_buffer~91            ; 0                 ; 6       ;
;      - pkt_buffer~475           ; 0                 ; 6       ;
;      - pkt_buffer~187           ; 0                 ; 6       ;
;      - pkt_buffer~315           ; 0                 ; 6       ;
;      - pkt_buffer~59            ; 0                 ; 6       ;
;      - pkt_buffer~443           ; 0                 ; 6       ;
;      - pkt_buffer~283           ; 0                 ; 6       ;
;      - pkt_buffer~155           ; 0                 ; 6       ;
;      - pkt_buffer~27            ; 0                 ; 6       ;
;      - pkt_buffer~411           ; 0                 ; 6       ;
;      - pkt_buffer~251           ; 0                 ; 6       ;
;      - pkt_buffer~379           ; 0                 ; 6       ;
;      - pkt_buffer~123           ; 0                 ; 6       ;
;      - pkt_buffer~507           ; 0                 ; 6       ;
;      - pkt_buffer~51            ; 0                 ; 6       ;
;      - pkt_buffer~435           ; 0                 ; 6       ;
;      - pkt_buffer~339           ; 0                 ; 6       ;
;      - pkt_buffer~211           ; 0                 ; 6       ;
;      - pkt_buffer~83            ; 0                 ; 6       ;
;      - pkt_buffer~467           ; 0                 ; 6       ;
;      - pkt_buffer~19            ; 0                 ; 6       ;
;      - pkt_buffer~403           ; 0                 ; 6       ;
;      - pkt_buffer~243           ; 0                 ; 6       ;
;      - pkt_buffer~115           ; 0                 ; 6       ;
;      - pkt_buffer~499           ; 0                 ; 6       ;
;      - pkt_buffer~363           ; 0                 ; 6       ;
;      - pkt_buffer~299           ; 0                 ; 6       ;
;      - pkt_buffer~395           ; 0                 ; 6       ;
;      - pkt_buffer~235           ; 0                 ; 6       ;
;      - pkt_buffer~171           ; 0                 ; 6       ;
;      - pkt_buffer~107           ; 0                 ; 6       ;
;      - pkt_buffer~75            ; 0                 ; 6       ;
;      - pkt_buffer~43            ; 0                 ; 6       ;
;      - pkt_buffer~139           ; 0                 ; 6       ;
;      - pkt_buffer~523           ; 0                 ; 6       ;
;      - pkt_buffer~179feeder     ; 0                 ; 6       ;
;      - pkt_buffer~203feeder     ; 0                 ; 6       ;
;      - pkt_buffer~307feeder     ; 0                 ; 6       ;
;      - pkt_buffer~331feeder     ; 0                 ; 6       ;
;      - pkt_buffer~387feeder     ; 0                 ; 6       ;
;      - pkt_buffer~259feeder     ; 0                 ; 6       ;
;      - pkt_buffer~267feeder     ; 0                 ; 6       ;
;      - pkt_buffer~459feeder     ; 0                 ; 6       ;
;      - pkt_buffer~275feeder     ; 0                 ; 6       ;
;      - pkt_buffer~483feeder     ; 0                 ; 6       ;
;      - pkt_buffer~491feeder     ; 0                 ; 6       ;
;      - pkt_buffer~371feeder     ; 0                 ; 6       ;
;      - pkt_buffer~427feeder     ; 0                 ; 6       ;
;      - pkt_buffer~147feeder     ; 0                 ; 6       ;
;      - stored_src_mac[4]~feeder ; 0                 ; 6       ;
; in_data[5]                      ;                   ;         ;
;      - stored_src_mac[5]        ; 1                 ; 6       ;
;      - stored_dst_mac[5]        ; 1                 ; 6       ;
;      - pkt_buffer~324           ; 1                 ; 6       ;
;      - pkt_buffer~68            ; 1                 ; 6       ;
;      - pkt_buffer~452           ; 1                 ; 6       ;
;      - pkt_buffer~356           ; 1                 ; 6       ;
;      - pkt_buffer~100           ; 1                 ; 6       ;
;      - pkt_buffer~484           ; 1                 ; 6       ;
;      - pkt_buffer~164           ; 1                 ; 6       ;
;      - pkt_buffer~36            ; 1                 ; 6       ;
;      - pkt_buffer~260           ; 1                 ; 6       ;
;      - pkt_buffer~388           ; 1                 ; 6       ;
;      - pkt_buffer~132           ; 1                 ; 6       ;
;      - pkt_buffer~516           ; 1                 ; 6       ;
;      - pkt_buffer~220           ; 1                 ; 6       ;
;      - pkt_buffer~92            ; 1                 ; 6       ;
;      - pkt_buffer~188           ; 1                 ; 6       ;
;      - pkt_buffer~316           ; 1                 ; 6       ;
;      - pkt_buffer~284           ; 1                 ; 6       ;
;      - pkt_buffer~156           ; 1                 ; 6       ;
;      - pkt_buffer~28            ; 1                 ; 6       ;
;      - pkt_buffer~252           ; 1                 ; 6       ;
;      - pkt_buffer~124           ; 1                 ; 6       ;
;      - pkt_buffer~508           ; 1                 ; 6       ;
;      - pkt_buffer~180           ; 1                 ; 6       ;
;      - pkt_buffer~52            ; 1                 ; 6       ;
;      - pkt_buffer~436           ; 1                 ; 6       ;
;      - pkt_buffer~340           ; 1                 ; 6       ;
;      - pkt_buffer~212           ; 1                 ; 6       ;
;      - pkt_buffer~84            ; 1                 ; 6       ;
;      - pkt_buffer~468           ; 1                 ; 6       ;
;      - pkt_buffer~276           ; 1                 ; 6       ;
;      - pkt_buffer~148           ; 1                 ; 6       ;
;      - pkt_buffer~20            ; 1                 ; 6       ;
;      - pkt_buffer~404           ; 1                 ; 6       ;
;      - pkt_buffer~372           ; 1                 ; 6       ;
;      - pkt_buffer~116           ; 1                 ; 6       ;
;      - pkt_buffer~364           ; 1                 ; 6       ;
;      - pkt_buffer~300           ; 1                 ; 6       ;
;      - pkt_buffer~204           ; 1                 ; 6       ;
;      - pkt_buffer~236           ; 1                 ; 6       ;
;      - pkt_buffer~172           ; 1                 ; 6       ;
;      - pkt_buffer~108           ; 1                 ; 6       ;
;      - pkt_buffer~76            ; 1                 ; 6       ;
;      - pkt_buffer~44            ; 1                 ; 6       ;
;      - pkt_buffer~140           ; 1                 ; 6       ;
;      - pkt_buffer~460           ; 1                 ; 6       ;
;      - pkt_buffer~492           ; 1                 ; 6       ;
;      - pkt_buffer~428           ; 1                 ; 6       ;
;      - pkt_buffer~524           ; 1                 ; 6       ;
;      - pkt_buffer~308feeder     ; 1                 ; 6       ;
;      - pkt_buffer~332feeder     ; 1                 ; 6       ;
;      - pkt_buffer~396feeder     ; 1                 ; 6       ;
;      - pkt_buffer~60feeder      ; 1                 ; 6       ;
;      - pkt_buffer~444feeder     ; 1                 ; 6       ;
;      - pkt_buffer~244feeder     ; 1                 ; 6       ;
;      - pkt_buffer~500feeder     ; 1                 ; 6       ;
;      - pkt_buffer~348feeder     ; 1                 ; 6       ;
;      - pkt_buffer~476feeder     ; 1                 ; 6       ;
;      - pkt_buffer~380feeder     ; 1                 ; 6       ;
;      - pkt_buffer~412feeder     ; 1                 ; 6       ;
;      - src_ip_addr[5]~feeder    ; 1                 ; 6       ;
;      - pkt_buffer~196feeder     ; 1                 ; 6       ;
;      - pkt_buffer~268feeder     ; 1                 ; 6       ;
;      - pkt_buffer~420feeder     ; 1                 ; 6       ;
;      - pkt_buffer~292feeder     ; 1                 ; 6       ;
;      - pkt_buffer~228feeder     ; 1                 ; 6       ;
; in_data[6]                      ;                   ;         ;
; in_data[7]                      ;                   ;         ;
+---------------------------------+-------------------+---------+


+---------------------------------------------------------------------------------------------------------------------------------------------------+
; Control Signals                                                                                                                                   ;
+----------------------+--------------------+---------+--------------+--------+----------------------+------------------+---------------------------+
; Name                 ; Location           ; Fan-Out ; Usage        ; Global ; Global Resource Used ; Global Line Name ; Enable Signal Source Name ;
+----------------------+--------------------+---------+--------------+--------+----------------------+------------------+---------------------------+
; Selector105~3        ; LCCOMB_X25_Y7_N0   ; 2       ; Clock enable ; no     ; --                   ; --               ; --                        ;
; clock                ; PIN_23             ; 676     ; Clock        ; yes    ; Global Clock         ; GCLK2            ; --                        ;
; icmp_cnt[5]~11       ; LCCOMB_X25_Y6_N20  ; 8       ; Sync. clear  ; no     ; --                   ; --               ; --                        ;
; icmp_cnt[5]~12       ; LCCOMB_X24_Y5_N4   ; 8       ; Clock enable ; no     ; --                   ; --               ; --                        ;
; out_data[0]~16       ; LCCOMB_X25_Y7_N30  ; 7       ; Clock enable ; no     ; --                   ; --               ; --                        ;
; out_data[4]~89       ; LCCOMB_X25_Y6_N4   ; 2       ; Clock enable ; no     ; --                   ; --               ; --                        ;
; pkt_buffer~870       ; LCCOMB_X29_Y8_N8   ; 8       ; Clock enable ; no     ; --                   ; --               ; --                        ;
; pkt_buffer~872       ; LCCOMB_X25_Y12_N12 ; 8       ; Clock enable ; no     ; --                   ; --               ; --                        ;
; pkt_buffer~874       ; LCCOMB_X23_Y8_N30  ; 8       ; Clock enable ; no     ; --                   ; --               ; --                        ;
; pkt_buffer~876       ; LCCOMB_X23_Y12_N12 ; 8       ; Clock enable ; no     ; --                   ; --               ; --                        ;
; pkt_buffer~878       ; LCCOMB_X29_Y10_N14 ; 8       ; Clock enable ; no     ; --                   ; --               ; --                        ;
; pkt_buffer~880       ; LCCOMB_X28_Y7_N4   ; 8       ; Clock enable ; no     ; --                   ; --               ; --                        ;
; pkt_buffer~882       ; LCCOMB_X29_Y11_N20 ; 8       ; Clock enable ; no     ; --                   ; --               ; --                        ;
; pkt_buffer~884       ; LCCOMB_X30_Y9_N28  ; 8       ; Clock enable ; no     ; --                   ; --               ; --                        ;
; pkt_buffer~886       ; LCCOMB_X30_Y10_N26 ; 8       ; Clock enable ; no     ; --                   ; --               ; --                        ;
; pkt_buffer~888       ; LCCOMB_X31_Y9_N16  ; 8       ; Clock enable ; no     ; --                   ; --               ; --                        ;
; pkt_buffer~890       ; LCCOMB_X31_Y11_N14 ; 8       ; Clock enable ; no     ; --                   ; --               ; --                        ;
; pkt_buffer~892       ; LCCOMB_X31_Y11_N12 ; 8       ; Clock enable ; no     ; --                   ; --               ; --                        ;
; pkt_buffer~894       ; LCCOMB_X31_Y9_N12  ; 8       ; Clock enable ; no     ; --                   ; --               ; --                        ;
; pkt_buffer~896       ; LCCOMB_X30_Y10_N20 ; 8       ; Clock enable ; no     ; --                   ; --               ; --                        ;
; pkt_buffer~898       ; LCCOMB_X30_Y11_N16 ; 8       ; Clock enable ; no     ; --                   ; --               ; --                        ;
; pkt_buffer~900       ; LCCOMB_X32_Y11_N30 ; 8       ; Clock enable ; no     ; --                   ; --               ; --                        ;
; pkt_buffer~902       ; LCCOMB_X28_Y7_N26  ; 8       ; Clock enable ; no     ; --                   ; --               ; --                        ;
; pkt_buffer~903       ; LCCOMB_X29_Y8_N6   ; 8       ; Clock enable ; no     ; --                   ; --               ; --                        ;
; pkt_buffer~904       ; LCCOMB_X25_Y9_N28  ; 8       ; Clock enable ; no     ; --                   ; --               ; --                        ;
; pkt_buffer~905       ; LCCOMB_X25_Y9_N10  ; 8       ; Clock enable ; no     ; --                   ; --               ; --                        ;
; pkt_buffer~906       ; LCCOMB_X25_Y12_N26 ; 8       ; Clock enable ; no     ; --                   ; --               ; --                        ;
; pkt_buffer~907       ; LCCOMB_X28_Y8_N30  ; 8       ; Clock enable ; no     ; --                   ; --               ; --                        ;
; pkt_buffer~908       ; LCCOMB_X26_Y7_N6   ; 8       ; Clock enable ; no     ; --                   ; --               ; --                        ;
; pkt_buffer~909       ; LCCOMB_X21_Y10_N0  ; 8       ; Clock enable ; no     ; --                   ; --               ; --                        ;
; pkt_buffer~910       ; LCCOMB_X23_Y11_N20 ; 8       ; Clock enable ; no     ; --                   ; --               ; --                        ;
; pkt_buffer~911       ; LCCOMB_X28_Y11_N4  ; 8       ; Clock enable ; no     ; --                   ; --               ; --                        ;
; pkt_buffer~912       ; LCCOMB_X23_Y7_N14  ; 8       ; Clock enable ; no     ; --                   ; --               ; --                        ;
; pkt_buffer~913       ; LCCOMB_X23_Y11_N14 ; 8       ; Clock enable ; no     ; --                   ; --               ; --                        ;
; pkt_buffer~914       ; LCCOMB_X28_Y8_N8   ; 8       ; Clock enable ; no     ; --                   ; --               ; --                        ;
; pkt_buffer~915       ; LCCOMB_X23_Y12_N20 ; 8       ; Clock enable ; no     ; --                   ; --               ; --                        ;
; pkt_buffer~916       ; LCCOMB_X24_Y13_N20 ; 8       ; Clock enable ; no     ; --                   ; --               ; --                        ;
; pkt_buffer~917       ; LCCOMB_X24_Y9_N16  ; 8       ; Clock enable ; no     ; --                   ; --               ; --                        ;
; pkt_buffer~919       ; LCCOMB_X26_Y10_N4  ; 8       ; Clock enable ; no     ; --                   ; --               ; --                        ;
; pkt_buffer~920       ; LCCOMB_X29_Y10_N10 ; 8       ; Clock enable ; no     ; --                   ; --               ; --                        ;
; pkt_buffer~921       ; LCCOMB_X25_Y10_N26 ; 8       ; Clock enable ; no     ; --                   ; --               ; --                        ;
; pkt_buffer~922       ; LCCOMB_X26_Y10_N0  ; 8       ; Clock enable ; no     ; --                   ; --               ; --                        ;
; pkt_buffer~923       ; LCCOMB_X28_Y7_N20  ; 8       ; Clock enable ; no     ; --                   ; --               ; --                        ;
; pkt_buffer~924       ; LCCOMB_X30_Y8_N12  ; 8       ; Clock enable ; no     ; --                   ; --               ; --                        ;
; pkt_buffer~925       ; LCCOMB_X26_Y8_N10  ; 8       ; Clock enable ; no     ; --                   ; --               ; --                        ;
; pkt_buffer~926       ; LCCOMB_X26_Y12_N4  ; 8       ; Clock enable ; no     ; --                   ; --               ; --                        ;
; pkt_buffer~927       ; LCCOMB_X23_Y8_N8   ; 8       ; Clock enable ; no     ; --                   ; --               ; --                        ;
; pkt_buffer~928       ; LCCOMB_X28_Y11_N10 ; 8       ; Clock enable ; no     ; --                   ; --               ; --                        ;
; pkt_buffer~929       ; LCCOMB_X25_Y10_N4  ; 8       ; Clock enable ; no     ; --                   ; --               ; --                        ;
; pkt_buffer~930       ; LCCOMB_X23_Y10_N26 ; 8       ; Clock enable ; no     ; --                   ; --               ; --                        ;
; pkt_buffer~931       ; LCCOMB_X29_Y9_N14  ; 8       ; Clock enable ; no     ; --                   ; --               ; --                        ;
; pkt_buffer~932       ; LCCOMB_X24_Y12_N24 ; 8       ; Clock enable ; no     ; --                   ; --               ; --                        ;
; pkt_buffer~933       ; LCCOMB_X24_Y13_N14 ; 8       ; Clock enable ; no     ; --                   ; --               ; --                        ;
; pkt_buffer~934       ; LCCOMB_X22_Y10_N26 ; 8       ; Clock enable ; no     ; --                   ; --               ; --                        ;
; pkt_buffer~936       ; LCCOMB_X28_Y10_N10 ; 8       ; Clock enable ; no     ; --                   ; --               ; --                        ;
; pkt_buffer~937       ; LCCOMB_X22_Y8_N30  ; 8       ; Clock enable ; no     ; --                   ; --               ; --                        ;
; pkt_buffer~938       ; LCCOMB_X25_Y10_N18 ; 8       ; Clock enable ; no     ; --                   ; --               ; --                        ;
; pkt_buffer~939       ; LCCOMB_X28_Y10_N6  ; 8       ; Clock enable ; no     ; --                   ; --               ; --                        ;
; pkt_buffer~940       ; LCCOMB_X30_Y8_N4   ; 8       ; Clock enable ; no     ; --                   ; --               ; --                        ;
; pkt_buffer~941       ; LCCOMB_X26_Y7_N28  ; 8       ; Clock enable ; no     ; --                   ; --               ; --                        ;
; pkt_buffer~942       ; LCCOMB_X26_Y9_N16  ; 8       ; Clock enable ; no     ; --                   ; --               ; --                        ;
; pkt_buffer~943       ; LCCOMB_X26_Y12_N10 ; 8       ; Clock enable ; no     ; --                   ; --               ; --                        ;
; pkt_buffer~944       ; LCCOMB_X29_Y11_N14 ; 8       ; Clock enable ; no     ; --                   ; --               ; --                        ;
; pkt_buffer~945       ; LCCOMB_X22_Y8_N26  ; 8       ; Clock enable ; no     ; --                   ; --               ; --                        ;
; pkt_buffer~946       ; LCCOMB_X22_Y11_N10 ; 8       ; Clock enable ; no     ; --                   ; --               ; --                        ;
; pkt_buffer~947       ; LCCOMB_X22_Y11_N6  ; 8       ; Clock enable ; no     ; --                   ; --               ; --                        ;
; pkt_buffer~948       ; LCCOMB_X26_Y7_N26  ; 8       ; Clock enable ; no     ; --                   ; --               ; --                        ;
; pkt_buffer~949       ; LCCOMB_X28_Y9_N6   ; 8       ; Clock enable ; no     ; --                   ; --               ; --                        ;
; pkt_buffer~950       ; LCCOMB_X24_Y13_N18 ; 8       ; Clock enable ; no     ; --                   ; --               ; --                        ;
; pkt_buffer~951       ; LCCOMB_X22_Y10_N16 ; 8       ; Clock enable ; no     ; --                   ; --               ; --                        ;
; reset                ; PIN_24             ; 36      ; Async. clear ; yes    ; Global Clock         ; GCLK4            ; --                        ;
; src_ip_addr[16]~1    ; LCCOMB_X24_Y7_N2   ; 32      ; Clock enable ; no     ; --                   ; --               ; --                        ;
; state.SEND_ICMP      ; FF_X25_Y7_N17      ; 34      ; Sync. clear  ; no     ; --                   ; --               ; --                        ;
; stored_dst_mac[24]~1 ; LCCOMB_X25_Y5_N10  ; 48      ; Clock enable ; no     ; --                   ; --               ; --                        ;
; stored_src_mac[40]~1 ; LCCOMB_X24_Y7_N10  ; 48      ; Clock enable ; no     ; --                   ; --               ; --                        ;
+----------------------+--------------------+---------+--------------+--------+----------------------+------------------+---------------------------+


+-----------------------------------------------------------------------------------------------------------------------------------------+
; Global & Other Fast Signals                                                                                                             ;
+-------+----------+---------+--------------------------------------+----------------------+------------------+---------------------------+
; Name  ; Location ; Fan-Out ; Fan-Out Using Intentional Clock Skew ; Global Resource Used ; Global Line Name ; Enable Signal Source Name ;
+-------+----------+---------+--------------------------------------+----------------------+------------------+---------------------------+
; clock ; PIN_23   ; 676     ; 301                                  ; Global Clock         ; GCLK2            ; --                        ;
; reset ; PIN_24   ; 36      ; 0                                    ; Global Clock         ; GCLK4            ; --                        ;
+-------+----------+---------+--------------------------------------+----------------------+------------------+---------------------------+


+------------------------------------------------+
; Routing Usage Summary                          ;
+-----------------------+------------------------+
; Routing Resource Type ; Usage                  ;
+-----------------------+------------------------+
; Block interconnects   ; 1,601 / 32,401 ( 5 % ) ;
; C16 interconnects     ; 17 / 1,326 ( 1 % )     ;
; C4 interconnects      ; 759 / 21,816 ( 3 % )   ;
; Direct links          ; 198 / 32,401 ( < 1 % ) ;
; Global clocks         ; 2 / 10 ( 20 % )        ;
; Local interconnects   ; 438 / 10,320 ( 4 % )   ;
; R24 interconnects     ; 19 / 1,289 ( 1 % )     ;
; R4 interconnects      ; 895 / 28,186 ( 3 % )   ;
+-----------------------+------------------------+


+----------------------------------------------------------------------------+
; LAB Logic Elements                                                         ;
+---------------------------------------------+------------------------------+
; Number of Logic Elements  (Average = 13.04) ; Number of LABs  (Total = 75) ;
+---------------------------------------------+------------------------------+
; 1                                           ; 0                            ;
; 2                                           ; 4                            ;
; 3                                           ; 3                            ;
; 4                                           ; 3                            ;
; 5                                           ; 0                            ;
; 6                                           ; 3                            ;
; 7                                           ; 0                            ;
; 8                                           ; 0                            ;
; 9                                           ; 0                            ;
; 10                                          ; 0                            ;
; 11                                          ; 5                            ;
; 12                                          ; 1                            ;
; 13                                          ; 2                            ;
; 14                                          ; 8                            ;
; 15                                          ; 10                           ;
; 16                                          ; 36                           ;
+---------------------------------------------+------------------------------+


+-------------------------------------------------------------------+
; LAB-wide Signals                                                  ;
+------------------------------------+------------------------------+
; LAB-wide Signals  (Average = 1.72) ; Number of LABs  (Total = 75) ;
+------------------------------------+------------------------------+
; 1 Async. clear                     ; 10                           ;
; 1 Clock                            ; 72                           ;
; 1 Clock enable                     ; 26                           ;
; 1 Sync. clear                      ; 1                            ;
; 2 Clock enables                    ; 20                           ;
+------------------------------------+------------------------------+


+-----------------------------------------------------------------------------+
; LAB Signals Sourced                                                         ;
+----------------------------------------------+------------------------------+
; Number of Signals Sourced  (Average = 20.00) ; Number of LABs  (Total = 75) ;
+----------------------------------------------+------------------------------+
; 0                                            ; 0                            ;
; 1                                            ; 0                            ;
; 2                                            ; 1                            ;
; 3                                            ; 1                            ;
; 4                                            ; 2                            ;
; 5                                            ; 3                            ;
; 6                                            ; 2                            ;
; 7                                            ; 1                            ;
; 8                                            ; 1                            ;
; 9                                            ; 0                            ;
; 10                                           ; 0                            ;
; 11                                           ; 1                            ;
; 12                                           ; 2                            ;
; 13                                           ; 0                            ;
; 14                                           ; 0                            ;
; 15                                           ; 3                            ;
; 16                                           ; 1                            ;
; 17                                           ; 4                            ;
; 18                                           ; 3                            ;
; 19                                           ; 3                            ;
; 20                                           ; 0                            ;
; 21                                           ; 3                            ;
; 22                                           ; 4                            ;
; 23                                           ; 8                            ;
; 24                                           ; 8                            ;
; 25                                           ; 4                            ;
; 26                                           ; 8                            ;
; 27                                           ; 6                            ;
; 28                                           ; 4                            ;
; 29                                           ; 1                            ;
; 30                                           ; 0                            ;
; 31                                           ; 0                            ;
; 32                                           ; 1                            ;
+----------------------------------------------+------------------------------+


+--------------------------------------------------------------------------------+
; LAB Signals Sourced Out                                                        ;
+-------------------------------------------------+------------------------------+
; Number of Signals Sourced Out  (Average = 8.91) ; Number of LABs  (Total = 75) ;
+-------------------------------------------------+------------------------------+
; 0                                               ; 0                            ;
; 1                                               ; 2                            ;
; 2                                               ; 4                            ;
; 3                                               ; 10                           ;
; 4                                               ; 7                            ;
; 5                                               ; 1                            ;
; 6                                               ; 4                            ;
; 7                                               ; 3                            ;
; 8                                               ; 1                            ;
; 9                                               ; 4                            ;
; 10                                              ; 6                            ;
; 11                                              ; 5                            ;
; 12                                              ; 4                            ;
; 13                                              ; 7                            ;
; 14                                              ; 7                            ;
; 15                                              ; 6                            ;
; 16                                              ; 4                            ;
+-------------------------------------------------+------------------------------+


+-----------------------------------------------------------------------------+
; LAB Distinct Inputs                                                         ;
+----------------------------------------------+------------------------------+
; Number of Distinct Inputs  (Average = 19.44) ; Number of LABs  (Total = 75) ;
+----------------------------------------------+------------------------------+
; 0                                            ; 0                            ;
; 1                                            ; 0                            ;
; 2                                            ; 0                            ;
; 3                                            ; 0                            ;
; 4                                            ; 1                            ;
; 5                                            ; 1                            ;
; 6                                            ; 4                            ;
; 7                                            ; 2                            ;
; 8                                            ; 3                            ;
; 9                                            ; 3                            ;
; 10                                           ; 4                            ;
; 11                                           ; 4                            ;
; 12                                           ; 3                            ;
; 13                                           ; 1                            ;
; 14                                           ; 2                            ;
; 15                                           ; 1                            ;
; 16                                           ; 2                            ;
; 17                                           ; 1                            ;
; 18                                           ; 2                            ;
; 19                                           ; 2                            ;
; 20                                           ; 4                            ;
; 21                                           ; 0                            ;
; 22                                           ; 5                            ;
; 23                                           ; 4                            ;
; 24                                           ; 2                            ;
; 25                                           ; 1                            ;
; 26                                           ; 4                            ;
; 27                                           ; 2                            ;
; 28                                           ; 1                            ;
; 29                                           ; 2                            ;
; 30                                           ; 2                            ;
; 31                                           ; 3                            ;
; 32                                           ; 1                            ;
; 33                                           ; 2                            ;
; 34                                           ; 2                            ;
; 35                                           ; 2                            ;
; 36                                           ; 1                            ;
; 37                                           ; 1                            ;
+----------------------------------------------+------------------------------+


+------------------------------------------+
; I/O Rules Summary                        ;
+----------------------------------+-------+
; I/O Rules Statistic              ; Total ;
+----------------------------------+-------+
; Total I/O Rules                  ; 30    ;
; Number of I/O Rules Passed       ; 9     ;
; Number of I/O Rules Failed       ; 0     ;
; Number of I/O Rules Unchecked    ; 0     ;
; Number of I/O Rules Inapplicable ; 21    ;
+----------------------------------+-------+


+-----------------------------------------------------------------------------------------------------------------------------------------------------------------------------------------------------------------------------------------------------------------------------------------------------+
; I/O Rules Details                                                                                                                                                                                                                                                                                   ;
+--------------+-----------+-----------------------------------+------------------------------------------------------------------------------------------------------+----------+--------------------------------------------------------------------------+---------------------+-------------------+
; Status       ; ID        ; Category                          ; Rule Description                                                                                     ; Severity ; Information                                                              ; Area                ; Extra Information ;
+--------------+-----------+-----------------------------------+------------------------------------------------------------------------------------------------------+----------+--------------------------------------------------------------------------+---------------------+-------------------+
; Inapplicable ; IO_000001 ; Capacity Checks                   ; Number of pins in an I/O bank should not exceed the number of locations available.                   ; Critical ; No Location assignments found.                                           ; I/O                 ;                   ;
; Inapplicable ; IO_000002 ; Capacity Checks                   ; Number of clocks in an I/O bank should not exceed the number of clocks available.                    ; Critical ; No Global Signal assignments found.                                      ; I/O                 ;                   ;
; Inapplicable ; IO_000003 ; Capacity Checks                   ; Number of pins in a Vrefgroup should not exceed the number of locations available.                   ; Critical ; No Location assignments found.                                           ; I/O                 ;                   ;
; Inapplicable ; IO_000004 ; Voltage Compatibility Checks      ; The I/O bank should support the requested VCCIO.                                                     ; Critical ; No IOBANK_VCCIO assignments found.                                       ; I/O                 ;                   ;
; Inapplicable ; IO_000005 ; Voltage Compatibility Checks      ; The I/O bank should not have competing VREF values.                                                  ; Critical ; No VREF I/O Standard assignments found.                                  ; I/O                 ;                   ;
; Pass         ; IO_000006 ; Voltage Compatibility Checks      ; The I/O bank should not have competing VCCIO values.                                                 ; Critical ; 0 such failures found.                                                   ; I/O                 ;                   ;
; Inapplicable ; IO_000007 ; Valid Location Checks             ; Checks for unavailable locations.                                                                    ; Critical ; No Location assignments found.                                           ; I/O                 ;                   ;
; Inapplicable ; IO_000008 ; Valid Location Checks             ; Checks for reserved locations.                                                                       ; Critical ; No reserved LogicLock region found.                                      ; I/O                 ;                   ;
; Pass         ; IO_000009 ; I/O Properties Checks for One I/O ; The location should support the requested I/O standard.                                              ; Critical ; 0 such failures found.                                                   ; I/O                 ;                   ;
; Pass         ; IO_000010 ; I/O Properties Checks for One I/O ; The location should support the requested I/O direction.                                             ; Critical ; 0 such failures found.                                                   ; I/O                 ;                   ;
; Inapplicable ; IO_000011 ; I/O Properties Checks for One I/O ; The location should support the requested Current Strength.                                          ; Critical ; No Current Strength assignments found.                                   ; I/O                 ;                   ;
; Pass         ; IO_000012 ; I/O Properties Checks for One I/O ; The location should support the requested On Chip Termination value.                                 ; Critical ; 0 such failures found.                                                   ; I/O                 ;                   ;
; Inapplicable ; IO_000013 ; I/O Properties Checks for One I/O ; The location should support the requested Bus Hold value.                                            ; Critical ; No Enable Bus-Hold Circuitry assignments found.                          ; I/O                 ;                   ;
; Inapplicable ; IO_000014 ; I/O Properties Checks for One I/O ; The location should support the requested Weak Pull Up value.                                        ; Critical ; No Weak Pull-Up Resistor assignments found.                              ; I/O                 ;                   ;
; Pass         ; IO_000015 ; I/O Properties Checks for One I/O ; The location should support the requested PCI Clamp Diode.                                           ; Critical ; 0 such failures found.                                                   ; I/O                 ;                   ;
; Inapplicable ; IO_000018 ; I/O Properties Checks for One I/O ; The I/O standard should support the requested Current Strength.                                      ; Critical ; No Current Strength assignments found.                                   ; I/O                 ;                   ;
; Pass         ; IO_000019 ; I/O Properties Checks for One I/O ; The I/O standard should support the requested On Chip Termination value.                             ; Critical ; 0 such failures found.                                                   ; I/O                 ;                   ;
; Pass         ; IO_000020 ; I/O Properties Checks for One I/O ; The I/O standard should support the requested PCI Clamp Diode.                                       ; Critical ; 0 such failures found.                                                   ; I/O                 ;                   ;
; Inapplicable ; IO_000021 ; I/O Properties Checks for One I/O ; The I/O standard should support the requested Weak Pull Up value.                                    ; Critical ; No Weak Pull-Up Resistor assignments found.                              ; I/O                 ;                   ;
; Inapplicable ; IO_000022 ; I/O Properties Checks for One I/O ; The I/O standard should support the requested Bus Hold value.                                        ; Critical ; No Enable Bus-Hold Circuitry assignments found.                          ; I/O                 ;                   ;
; Inapplicable ; IO_000023 ; I/O Properties Checks for One I/O ; The I/O standard should support the Open Drain value.                                                ; Critical ; No open drain assignments found.                                         ; I/O                 ;                   ;
; Pass         ; IO_000024 ; I/O Properties Checks for One I/O ; The I/O direction should support the On Chip Termination value.                                      ; Critical ; 0 such failures found.                                                   ; I/O                 ;                   ;
; Inapplicable ; IO_000026 ; I/O Properties Checks for One I/O ; On Chip Termination and Current Strength should not be used at the same time.                        ; Critical ; No Current Strength assignments found.                                   ; I/O                 ;                   ;
; Inapplicable ; IO_000027 ; I/O Properties Checks for One I/O ; Weak Pull Up and Bus Hold should not be used at the same time.                                       ; Critical ; No Enable Bus-Hold Circuitry or Weak Pull-Up Resistor assignments found. ; I/O                 ;                   ;
; Inapplicable ; IO_000045 ; I/O Properties Checks for One I/O ; The I/O standard should support the requested Slew Rate value.                                       ; Critical ; No Slew Rate assignments found.                                          ; I/O                 ;                   ;
; Inapplicable ; IO_000046 ; I/O Properties Checks for One I/O ; The location should support the requested Slew Rate value.                                           ; Critical ; No Slew Rate assignments found.                                          ; I/O                 ;                   ;
; Inapplicable ; IO_000047 ; I/O Properties Checks for One I/O ; On Chip Termination and Slew Rate should not be used at the same time.                               ; Critical ; No Slew Rate assignments found.                                          ; I/O                 ;                   ;
; Pass         ; IO_000033 ; Electromigration Checks           ; Current density for consecutive I/Os should not exceed 240mA for row I/Os and 240mA for column I/Os. ; Critical ; 0 such failures found.                                                   ; I/O                 ;                   ;
; Inapplicable ; IO_000034 ; SI Related Distance Checks        ; Single-ended outputs should be 5 LAB row(s) away from a differential I/O.                            ; High     ; No Differential I/O Standard assignments found.                          ; I/O                 ;                   ;
; Inapplicable ; IO_000042 ; SI Related SSO Limit Checks       ; No more than 20 outputs are allowed in a VREF group when VREF is being read from.                    ; High     ; No VREF I/O Standard assignments found.                                  ; I/O                 ;                   ;
; ----         ; ----      ; Disclaimer                        ; OCT rules are checked but not reported.                                                              ; None     ; ----                                                                     ; On Chip Termination ;                   ;
+--------------+-----------+-----------------------------------+------------------------------------------------------------------------------------------------------+----------+--------------------------------------------------------------------------+---------------------+-------------------+


+--------------------------------------------------------------------------------------------------------------------------------------------------------------------------------------------------------------------------------------------------------------------------------------------------------------------------------------------------------------------------------------------------------------------------------------------------------------------------+
; I/O Rules Matrix                                                                                                                                                                                                                                                                                                                                                                                                                                                         ;
+--------------------+--------------+--------------+--------------+--------------+--------------+-----------+--------------+--------------+-----------+-----------+--------------+--------------+--------------+--------------+--------------+--------------+--------------+--------------+--------------+--------------+--------------+--------------+--------------+--------------+--------------+--------------+--------------+-----------+--------------+--------------+
; Pin/Rules          ; IO_000001    ; IO_000002    ; IO_000003    ; IO_000004    ; IO_000005    ; IO_000006 ; IO_000007    ; IO_000008    ; IO_000009 ; IO_000010 ; IO_000011    ; IO_000012    ; IO_000013    ; IO_000014    ; IO_000015    ; IO_000018    ; IO_000019    ; IO_000020    ; IO_000021    ; IO_000022    ; IO_000023    ; IO_000024    ; IO_000026    ; IO_000027    ; IO_000045    ; IO_000046    ; IO_000047    ; IO_000033 ; IO_000034    ; IO_000042    ;
+--------------------+--------------+--------------+--------------+--------------+--------------+-----------+--------------+--------------+-----------+-----------+--------------+--------------+--------------+--------------+--------------+--------------+--------------+--------------+--------------+--------------+--------------+--------------+--------------+--------------+--------------+--------------+--------------+-----------+--------------+--------------+
; Total Pass         ; 0            ; 0            ; 0            ; 0            ; 0            ; 27        ; 0            ; 0            ; 27        ; 27        ; 0            ; 13           ; 0            ; 0            ; 14           ; 0            ; 13           ; 14           ; 0            ; 0            ; 0            ; 13           ; 0            ; 0            ; 0            ; 0            ; 0            ; 27        ; 0            ; 0            ;
; Total Unchecked    ; 0            ; 0            ; 0            ; 0            ; 0            ; 0         ; 0            ; 0            ; 0         ; 0         ; 0            ; 0            ; 0            ; 0            ; 0            ; 0            ; 0            ; 0            ; 0            ; 0            ; 0            ; 0            ; 0            ; 0            ; 0            ; 0            ; 0            ; 0         ; 0            ; 0            ;
; Total Inapplicable ; 27           ; 27           ; 27           ; 27           ; 27           ; 0         ; 27           ; 27           ; 0         ; 0         ; 27           ; 14           ; 27           ; 27           ; 13           ; 27           ; 14           ; 13           ; 27           ; 27           ; 27           ; 14           ; 27           ; 27           ; 27           ; 27           ; 27           ; 0         ; 27           ; 27           ;
; Total Fail         ; 0            ; 0            ; 0            ; 0            ; 0            ; 0         ; 0            ; 0            ; 0         ; 0         ; 0            ; 0            ; 0            ; 0            ; 0            ; 0            ; 0            ; 0            ; 0            ; 0            ; 0            ; 0            ; 0            ; 0            ; 0            ; 0            ; 0            ; 0         ; 0            ; 0            ;
; in_ready           ; Inapplicable ; Inapplicable ; Inapplicable ; Inapplicable ; Inapplicable ; Pass      ; Inapplicable ; Inapplicable ; Pass      ; Pass      ; Inapplicable ; Pass         ; Inapplicable ; Inapplicable ; Inapplicable ; Inapplicable ; Pass         ; Inapplicable ; Inapplicable ; Inapplicable ; Inapplicable ; Pass         ; Inapplicable ; Inapplicable ; Inapplicable ; Inapplicable ; Inapplicable ; Pass      ; Inapplicable ; Inapplicable ;
; out_data[0]        ; Inapplicable ; Inapplicable ; Inapplicable ; Inapplicable ; Inapplicable ; Pass      ; Inapplicable ; Inapplicable ; Pass      ; Pass      ; Inapplicable ; Pass         ; Inapplicable ; Inapplicable ; Inapplicable ; Inapplicable ; Pass         ; Inapplicable ; Inapplicable ; Inapplicable ; Inapplicable ; Pass         ; Inapplicable ; Inapplicable ; Inapplicable ; Inapplicable ; Inapplicable ; Pass      ; Inapplicable ; Inapplicable ;
; out_data[1]        ; Inapplicable ; Inapplicable ; Inapplicable ; Inapplicable ; Inapplicable ; Pass      ; Inapplicable ; Inapplicable ; Pass      ; Pass      ; Inapplicable ; Pass         ; Inapplicable ; Inapplicable ; Inapplicable ; Inapplicable ; Pass         ; Inapplicable ; Inapplicable ; Inapplicable ; Inapplicable ; Pass         ; Inapplicable ; Inapplicable ; Inapplicable ; Inapplicable ; Inapplicable ; Pass      ; Inapplicable ; Inapplicable ;
; out_data[2]        ; Inapplicable ; Inapplicable ; Inapplicable ; Inapplicable ; Inapplicable ; Pass      ; Inapplicable ; Inapplicable ; Pass      ; Pass      ; Inapplicable ; Pass         ; Inapplicable ; Inapplicable ; Inapplicable ; Inapplicable ; Pass         ; Inapplicable ; Inapplicable ; Inapplicable ; Inapplicable ; Pass         ; Inapplicable ; Inapplicable ; Inapplicable ; Inapplicable ; Inapplicable ; Pass      ; Inapplicable ; Inapplicable ;
; out_data[3]        ; Inapplicable ; Inapplicable ; Inapplicable ; Inapplicable ; Inapplicable ; Pass      ; Inapplicable ; Inapplicable ; Pass      ; Pass      ; Inapplicable ; Pass         ; Inapplicable ; Inapplicable ; Inapplicable ; Inapplicable ; Pass         ; Inapplicable ; Inapplicable ; Inapplicable ; Inapplicable ; Pass         ; Inapplicable ; Inapplicable ; Inapplicable ; Inapplicable ; Inapplicable ; Pass      ; Inapplicable ; Inapplicable ;
; out_data[4]        ; Inapplicable ; Inapplicable ; Inapplicable ; Inapplicable ; Inapplicable ; Pass      ; Inapplicable ; Inapplicable ; Pass      ; Pass      ; Inapplicable ; Pass         ; Inapplicable ; Inapplicable ; Inapplicable ; Inapplicable ; Pass         ; Inapplicable ; Inapplicable ; Inapplicable ; Inapplicable ; Pass         ; Inapplicable ; Inapplicable ; Inapplicable ; Inapplicable ; Inapplicable ; Pass      ; Inapplicable ; Inapplicable ;
; out_data[5]        ; Inapplicable ; Inapplicable ; Inapplicable ; Inapplicable ; Inapplicable ; Pass      ; Inapplicable ; Inapplicable ; Pass      ; Pass      ; Inapplicable ; Pass         ; Inapplicable ; Inapplicable ; Inapplicable ; Inapplicable ; Pass         ; Inapplicable ; Inapplicable ; Inapplicable ; Inapplicable ; Pass         ; Inapplicable ; Inapplicable ; Inapplicable ; Inapplicable ; Inapplicable ; Pass      ; Inapplicable ; Inapplicable ;
; out_data[6]        ; Inapplicable ; Inapplicable ; Inapplicable ; Inapplicable ; Inapplicable ; Pass      ; Inapplicable ; Inapplicable ; Pass      ; Pass      ; Inapplicable ; Pass         ; Inapplicable ; Inapplicable ; Inapplicable ; Inapplicable ; Pass         ; Inapplicable ; Inapplicable ; Inapplicable ; Inapplicable ; Pass         ; Inapplicable ; Inapplicable ; Inapplicable ; Inapplicable ; Inapplicable ; Pass      ; Inapplicable ; Inapplicable ;
; out_data[7]        ; Inapplicable ; Inapplicable ; Inapplicable ; Inapplicable ; Inapplicable ; Pass      ; Inapplicable ; Inapplicable ; Pass      ; Pass      ; Inapplicable ; Pass         ; Inapplicable ; Inapplicable ; Inapplicable ; Inapplicable ; Pass         ; Inapplicable ; Inapplicable ; Inapplicable ; Inapplicable ; Pass         ; Inapplicable ; Inapplicable ; Inapplicable ; Inapplicable ; Inapplicable ; Pass      ; Inapplicable ; Inapplicable ;
; out_valid          ; Inapplicable ; Inapplicable ; Inapplicable ; Inapplicable ; Inapplicable ; Pass      ; Inapplicable ; Inapplicable ; Pass      ; Pass      ; Inapplicable ; Pass         ; Inapplicable ; Inapplicable ; Inapplicable ; Inapplicable ; Pass         ; Inapplicable ; Inapplicable ; Inapplicable ; Inapplicable ; Pass         ; Inapplicable ; Inapplicable ; Inapplicable ; Inapplicable ; Inapplicable ; Pass      ; Inapplicable ; Inapplicable ;
; out_sop            ; Inapplicable ; Inapplicable ; Inapplicable ; Inapplicable ; Inapplicable ; Pass      ; Inapplicable ; Inapplicable ; Pass      ; Pass      ; Inapplicable ; Pass         ; Inapplicable ; Inapplicable ; Inapplicable ; Inapplicable ; Pass         ; Inapplicable ; Inapplicable ; Inapplicable ; Inapplicable ; Pass         ; Inapplicable ; Inapplicable ; Inapplicable ; Inapplicable ; Inapplicable ; Pass      ; Inapplicable ; Inapplicable ;
; out_eop            ; Inapplicable ; Inapplicable ; Inapplicable ; Inapplicable ; Inapplicable ; Pass      ; Inapplicable ; Inapplicable ; Pass      ; Pass      ; Inapplicable ; Pass         ; Inapplicable ; Inapplicable ; Inapplicable ; Inapplicable ; Pass         ; Inapplicable ; Inapplicable ; Inapplicable ; Inapplicable ; Pass         ; Inapplicable ; Inapplicable ; Inapplicable ; Inapplicable ; Inapplicable ; Pass      ; Inapplicable ; Inapplicable ;
; drop               ; Inapplicable ; Inapplicable ; Inapplicable ; Inapplicable ; Inapplicable ; Pass      ; Inapplicable ; Inapplicable ; Pass      ; Pass      ; Inapplicable ; Pass         ; Inapplicable ; Inapplicable ; Inapplicable ; Inapplicable ; Pass         ; Inapplicable ; Inapplicable ; Inapplicable ; Inapplicable ; Pass         ; Inapplicable ; Inapplicable ; Inapplicable ; Inapplicable ; Inapplicable ; Pass      ; Inapplicable ; Inapplicable ;
; clock              ; Inapplicable ; Inapplicable ; Inapplicable ; Inapplicable ; Inapplicable ; Pass      ; Inapplicable ; Inapplicable ; Pass      ; Pass      ; Inapplicable ; Inapplicable ; Inapplicable ; Inapplicable ; Pass         ; Inapplicable ; Inapplicable ; Pass         ; Inapplicable ; Inapplicable ; Inapplicable ; Inapplicable ; Inapplicable ; Inapplicable ; Inapplicable ; Inapplicable ; Inapplicable ; Pass      ; Inapplicable ; Inapplicable ;
; reset              ; Inapplicable ; Inapplicable ; Inapplicable ; Inapplicable ; Inapplicable ; Pass      ; Inapplicable ; Inapplicable ; Pass      ; Pass      ; Inapplicable ; Inapplicable ; Inapplicable ; Inapplicable ; Pass         ; Inapplicable ; Inapplicable ; Pass         ; Inapplicable ; Inapplicable ; Inapplicable ; Inapplicable ; Inapplicable ; Inapplicable ; Inapplicable ; Inapplicable ; Inapplicable ; Pass      ; Inapplicable ; Inapplicable ;
; out_ready          ; Inapplicable ; Inapplicable ; Inapplicable ; Inapplicable ; Inapplicable ; Pass      ; Inapplicable ; Inapplicable ; Pass      ; Pass      ; Inapplicable ; Inapplicable ; Inapplicable ; Inapplicable ; Pass         ; Inapplicable ; Inapplicable ; Pass         ; Inapplicable ; Inapplicable ; Inapplicable ; Inapplicable ; Inapplicable ; Inapplicable ; Inapplicable ; Inapplicable ; Inapplicable ; Pass      ; Inapplicable ; Inapplicable ;
; in_valid           ; Inapplicable ; Inapplicable ; Inapplicable ; Inapplicable ; Inapplicable ; Pass      ; Inapplicable ; Inapplicable ; Pass      ; Pass      ; Inapplicable ; Inapplicable ; Inapplicable ; Inapplicable ; Pass         ; Inapplicable ; Inapplicable ; Pass         ; Inapplicable ; Inapplicable ; Inapplicable ; Inapplicable ; Inapplicable ; Inapplicable ; Inapplicable ; Inapplicable ; Inapplicable ; Pass      ; Inapplicable ; Inapplicable ;
; in_sop             ; Inapplicable ; Inapplicable ; Inapplicable ; Inapplicable ; Inapplicable ; Pass      ; Inapplicable ; Inapplicable ; Pass      ; Pass      ; Inapplicable ; Inapplicable ; Inapplicable ; Inapplicable ; Pass         ; Inapplicable ; Inapplicable ; Pass         ; Inapplicable ; Inapplicable ; Inapplicable ; Inapplicable ; Inapplicable ; Inapplicable ; Inapplicable ; Inapplicable ; Inapplicable ; Pass      ; Inapplicable ; Inapplicable ;
; in_eop             ; Inapplicable ; Inapplicable ; Inapplicable ; Inapplicable ; Inapplicable ; Pass      ; Inapplicable ; Inapplicable ; Pass      ; Pass      ; Inapplicable ; Inapplicable ; Inapplicable ; Inapplicable ; Pass         ; Inapplicable ; Inapplicable ; Pass         ; Inapplicable ; Inapplicable ; Inapplicable ; Inapplicable ; Inapplicable ; Inapplicable ; Inapplicable ; Inapplicable ; Inapplicable ; Pass      ; Inapplicable ; Inapplicable ;
; in_data[0]         ; Inapplicable ; Inapplicable ; Inapplicable ; Inapplicable ; Inapplicable ; Pass      ; Inapplicable ; Inapplicable ; Pass      ; Pass      ; Inapplicable ; Inapplicable ; Inapplicable ; Inapplicable ; Pass         ; Inapplicable ; Inapplicable ; Pass         ; Inapplicable ; Inapplicable ; Inapplicable ; Inapplicable ; Inapplicable ; Inapplicable ; Inapplicable ; Inapplicable ; Inapplicable ; Pass      ; Inapplicable ; Inapplicable ;
; in_data[1]         ; Inapplicable ; Inapplicable ; Inapplicable ; Inapplicable ; Inapplicable ; Pass      ; Inapplicable ; Inapplicable ; Pass      ; Pass      ; Inapplicable ; Inapplicable ; Inapplicable ; Inapplicable ; Pass         ; Inapplicable ; Inapplicable ; Pass         ; Inapplicable ; Inapplicable ; Inapplicable ; Inapplicable ; Inapplicable ; Inapplicable ; Inapplicable ; Inapplicable ; Inapplicable ; Pass      ; Inapplicable ; Inapplicable ;
; in_data[2]         ; Inapplicable ; Inapplicable ; Inapplicable ; Inapplicable ; Inapplicable ; Pass      ; Inapplicable ; Inapplicable ; Pass      ; Pass      ; Inapplicable ; Inapplicable ; Inapplicable ; Inapplicable ; Pass         ; Inapplicable ; Inapplicable ; Pass         ; Inapplicable ; Inapplicable ; Inapplicable ; Inapplicable ; Inapplicable ; Inapplicable ; Inapplicable ; Inapplicable ; Inapplicable ; Pass      ; Inapplicable ; Inapplicable ;
; in_data[3]         ; Inapplicable ; Inapplicable ; Inapplicable ; Inapplicable ; Inapplicable ; Pass      ; Inapplicable ; Inapplicable ; Pass      ; Pass      ; Inapplicable ; Inapplicable ; Inapplicable ; Inapplicable ; Pass         ; Inapplicable ; Inapplicable ; Pass         ; Inapplicable ; Inapplicable ; Inapplicable ; Inapplicable ; Inapplicable ; Inapplicable ; Inapplicable ; Inapplicable ; Inapplicable ; Pass      ; Inapplicable ; Inapplicable ;
; in_data[4]         ; Inapplicable ; Inapplicable ; Inapplicable ; Inapplicable ; Inapplicable ; Pass      ; Inapplicable ; Inapplicable ; Pass      ; Pass      ; Inapplicable ; Inapplicable ; Inapplicable ; Inapplicable ; Pass         ; Inapplicable ; Inapplicable ; Pass         ; Inapplicable ; Inapplicable ; Inapplicable ; Inapplicable ; Inapplicable ; Inapplicable ; Inapplicable ; Inapplicable ; Inapplicable ; Pass      ; Inapplicable ; Inapplicable ;
; in_data[5]         ; Inapplicable ; Inapplicable ; Inapplicable ; Inapplicable ; Inapplicable ; Pass      ; Inapplicable ; Inapplicable ; Pass      ; Pass      ; Inapplicable ; Inapplicable ; Inapplicable ; Inapplicable ; Pass         ; Inapplicable ; Inapplicable ; Pass         ; Inapplicable ; Inapplicable ; Inapplicable ; Inapplicable ; Inapplicable ; Inapplicable ; Inapplicable ; Inapplicable ; Inapplicable ; Pass      ; Inapplicable ; Inapplicable ;
; in_data[6]         ; Inapplicable ; Inapplicable ; Inapplicable ; Inapplicable ; Inapplicable ; Pass      ; Inapplicable ; Inapplicable ; Pass      ; Pass      ; Inapplicable ; Inapplicable ; Inapplicable ; Inapplicable ; Pass         ; Inapplicable ; Inapplicable ; Pass         ; Inapplicable ; Inapplicable ; Inapplicable ; Inapplicable ; Inapplicable ; Inapplicable ; Inapplicable ; Inapplicable ; Inapplicable ; Pass      ; Inapplicable ; Inapplicable ;
; in_data[7]         ; Inapplicable ; Inapplicable ; Inapplicable ; Inapplicable ; Inapplicable ; Pass      ; Inapplicable ; Inapplicable ; Pass      ; Pass      ; Inapplicable ; Inapplicable ; Inapplicable ; Inapplicable ; Pass         ; Inapplicable ; Inapplicable ; Pass         ; Inapplicable ; Inapplicable ; Inapplicable ; Inapplicable ; Inapplicable ; Inapplicable ; Inapplicable ; Inapplicable ; Inapplicable ; Pass      ; Inapplicable ; Inapplicable ;
+--------------------+--------------+--------------+--------------+--------------+--------------+-----------+--------------+--------------+-----------+-----------+--------------+--------------+--------------+--------------+--------------+--------------+--------------+--------------+--------------+--------------+--------------+--------------+--------------+--------------+--------------+--------------+--------------+-----------+--------------+--------------+


+---------------------------------------------------------------------------------------------+
; Fitter Device Options                                                                       ;
+------------------------------------------------------------------+--------------------------+
; Option                                                           ; Setting                  ;
+------------------------------------------------------------------+--------------------------+
; Enable user-supplied start-up clock (CLKUSR)                     ; Off                      ;
; Enable device-wide reset (DEV_CLRn)                              ; Off                      ;
; Enable device-wide output enable (DEV_OE)                        ; Off                      ;
; Enable INIT_DONE output                                          ; Off                      ;
; Configuration scheme                                             ; Active Serial            ;
; Error detection CRC                                              ; Off                      ;
; Enable open drain on CRC_ERROR pin                               ; Off                      ;
; Enable input tri-state on active configuration pins in user mode ; Off                      ;
; Configuration Voltage Level                                      ; Auto                     ;
; Force Configuration Voltage Level                                ; Off                      ;
; nCEO                                                             ; As output driving ground ;
; Data[0]                                                          ; As input tri-stated      ;
; Data[1]/ASDO                                                     ; As input tri-stated      ;
; Data[7..2]                                                       ; Unreserved               ;
; FLASH_nCE/nCSO                                                   ; As input tri-stated      ;
; Other Active Parallel pins                                       ; Unreserved               ;
; DCLK                                                             ; As output driving ground ;
+------------------------------------------------------------------+--------------------------+


+------------------------------------+
; Operating Settings and Conditions  ;
+---------------------------+--------+
; Setting                   ; Value  ;
+---------------------------+--------+
; Nominal Core Voltage      ; 1.20 V ;
; Low Junction Temperature  ; 0 °C   ;
; High Junction Temperature ; 85 °C  ;
+---------------------------+--------+


+-----------------+
; Fitter Messages ;
+-----------------+
Warning (18236): Number of processors has not been specified which may cause overloading on shared machines.  Set the global assignment NUM_PARALLEL_PROCESSORS in your QSF to an appropriate value for best performance.
Info (20030): Parallel compilation is enabled and will use 2 of the 2 processors detected
Info (119004): Automatically selected device EP4CE6E22C6 for design ip_ttl
Info (21076): High junction temperature operating condition is not set. Assuming a default value of '85'.
Info (21076): Low junction temperature operating condition is not set. Assuming a default value of '0'.
Info (171003): Fitter is performing an Auto Fit compilation, which may decrease Fitter effort to reduce compilation time
Warning (292013): Feature LogicLock is only available with a valid subscription license. You can purchase a software subscription to gain full access to this feature.
Info (176444): Device migration not selected. If you intend to use device migration later, you may need to change the pin assignments as they may be incompatible with other devices
    Info (176445): Device EP4CE10E22C6 is compatible
    Info (176445): Device EP4CE15E22C6 is compatible
    Info (176445): Device EP4CE22E22C6 is compatible
Info (169124): Fitter converted 5 user pins into dedicated programming pins
    Info (169125): Pin ~ALTERA_ASDO_DATA1~ is reserved at location 6
    Info (169125): Pin ~ALTERA_FLASH_nCE_nCSO~ is reserved at location 8
    Info (169125): Pin ~ALTERA_DCLK~ is reserved at location 12
    Info (169125): Pin ~ALTERA_DATA0~ is reserved at location 13
    Info (169125): Pin ~ALTERA_nCEO~ is reserved at location 101
Warning (15714): Some pins have incomplete I/O assignments. Refer to the I/O Assignment Warnings report for details
Critical Warning (169085): No exact pin location assignment(s) for 27 pins of 27 total pins. For the list of pins please refer to the I/O Assignment Warnings table in the fitter report.
Critical Warning (332012): Synopsys Design Constraints File file not found: 'ip_ttl.sdc'. A Synopsys Design Constraints File is required by the Timing Analyzer to get proper timing constraints. Without it, the Compiler will not properly optimize the design.
Info (332144): No user constrained base clocks found in the design
Info (332143): No user constrained clock uncertainty found in the design. Calling "derive_clock_uncertainty"
Info (332154): The derive_clock_uncertainty command did not apply clock uncertainty to any clock-to-clock transfers.
Info (332130): Timing requirements not specified -- quality metrics such as performance may be sacrificed to reduce compilation time.
Info (176353): Automatically promoted node clock~input (placed in PIN 23 (CLK1, DIFFCLK_0n)) File: C:/Users/Ilma/Desktop/APC projekti/ip_modul/ip_ttl.vhd Line: 7
    Info (176355): Automatically promoted destinations to use location or clock signal Global Clock CLKCTRL_G2
Info (176353): Automatically promoted node reset~input (placed in PIN 24 (CLK2, DIFFCLK_1p)) File: C:/Users/Ilma/Desktop/APC projekti/ip_modul/ip_ttl.vhd Line: 7
    Info (176355): Automatically promoted destinations to use location or clock signal Global Clock CLKCTRL_G4
    Info (176356): Following destination nodes may be non-global or may not use global or regional clocks
        Info (176357): Destination node stored_dst_mac[24]~1 File: C:/Users/Ilma/Desktop/APC projekti/ip_modul/ip_ttl.vhd Line: 48
        Info (176357): Destination node pkt_buffer~868 File: C:/Users/Ilma/Desktop/APC projekti/ip_modul/ip_ttl.vhd Line: 31
        Info (176357): Destination node stored_src_mac[40]~0 File: C:/Users/Ilma/Desktop/APC projekti/ip_modul/ip_ttl.vhd Line: 48
        Info (176357): Destination node src_ip_addr[16]~1 File: C:/Users/Ilma/Desktop/APC projekti/ip_modul/ip_ttl.vhd Line: 48
Info (176233): Starting register packing
Info (176235): Finished register packing
    Extra Info (176219): No registers were packed into other blocks
Info (176214): Statistics of I/O pins that need to be placed that use the same VCCIO and VREF, before I/O pin placement
    Info (176211): Number of I/O pins in group: 25 (unused VREF, 2.5V VCCIO, 12 input, 13 output, 0 bidirectional)
        Info (176212): I/O standards used: 2.5 V.
Info (176215): I/O bank details before I/O pin placement
    Info (176214): Statistics of I/O banks
        Info (176213): I/O bank number 1 does not use VREF pins and has undetermined VCCIO pins. 5 total pin(s) used --  6 pins available
        Info (176213): I/O bank number 2 does not use VREF pins and has undetermined VCCIO pins. 1 total pin(s) used --  7 pins available
        Info (176213): I/O bank number 3 does not use VREF pins and has undetermined VCCIO pins. 0 total pin(s) used --  11 pins available
        Info (176213): I/O bank number 4 does not use VREF pins and has undetermined VCCIO pins. 0 total pin(s) used --  14 pins available
        Info (176213): I/O bank number 5 does not use VREF pins and has undetermined VCCIO pins. 0 total pin(s) used --  13 pins available
        Info (176213): I/O bank number 6 does not use VREF pins and has undetermined VCCIO pins. 1 total pin(s) used --  9 pins available
        Info (176213): I/O bank number 7 does not use VREF pins and has undetermined VCCIO pins. 0 total pin(s) used --  13 pins available
        Info (176213): I/O bank number 8 does not use VREF pins and has undetermined VCCIO pins. 0 total pin(s) used --  12 pins available
Info (171121): Fitter preparation operations ending: elapsed time is 00:00:01
Info (14896): Fitter has disabled Advanced Physical Optimization because it is not supported for the current family.
Info (170189): Fitter placement preparation operations beginning
Info (170190): Fitter placement preparation operations ending: elapsed time is 00:00:00
Info (170191): Fitter placement operations beginning
Info (170137): Fitter placement was successful
Info (170192): Fitter placement operations ending: elapsed time is 00:00:01
Info (170193): Fitter routing operations beginning
Info (170195): Router estimated average interconnect usage is 2% of the available device resources
    Info (170196): Router estimated peak interconnect usage is 9% of the available device resources in the region that extends from location X23_Y0 to location X34_Y11
Info (170199): The Fitter performed an Auto Fit compilation.  Optimizations were skipped to reduce compilation time.
    Info (170201): Optimizations that may affect the design's routability were skipped
Info (170194): Fitter routing operations ending: elapsed time is 00:00:02
Info (11888): Total time spent on timing analysis during the Fitter is 0.39 seconds.
Info (334003): Started post-fitting delay annotation
Info (334004): Delay annotation completed successfully
Info (334003): Started post-fitting delay annotation
Info (334004): Delay annotation completed successfully
Info (11218): Fitter post-fit operations ending: elapsed time is 00:00:01
Info (144001): Generated suppressed messages file C:/Users/Ilma/Desktop/APC projekti/ip_modul/output_files/ip_ttl.fit.smsg
Info: Quartus Prime Fitter was successful. 0 errors, 5 warnings
    Info: Peak virtual memory: 5252 megabytes
    Info: Processing ended: Sat Jan 31 22:06:50 2026
    Info: Elapsed time: 00:00:07
    Info: Total CPU time (on all processors): 00:00:08


+----------------------------+
; Fitter Suppressed Messages ;
+----------------------------+
The suppressed messages can be found in C:/Users/Ilma/Desktop/APC projekti/ip_modul/output_files/ip_ttl.fit.smsg.


